"_time",102,108,109,110,112,114,140,141A,142B,143,149B,150,150A,151,155D,158,164,164A,166,168,168A,200E,200SW,200WE,202,203,205,206,214,242,246,250,250B,250C,253,255,257,258,260,261A,268,270,274,278,300,300SE,302,302A,303,304,304B,304D,304J,305,306,308,319,321,323,325,325M,341,342,345,"345?",345A,345B,345C,345D,345N,345S,346,348,350,351,352,354,360,366a,402,403,404,404L,409,409A,411,412US,441,442,445,452,C200WW,C300WW,C400NE,C400WW,MallStage,ODNorth,ODSE,ODSW,P100W
"2019-08-19T00:00:00.000-0700",0,1,0,0,0,0,0,0,0,0,0,0,0,0,0,0,0,0,0,0,0,0,5,1,1,0,0,0,0,0,0,0,0,0,0,0,0,0,0,1,0,0,0,0,0,1,0,0,1,0,0,0,0,0,0,0,0,0,1,0,1,0,1,0,0,0,0,0,0,0,0,0,0,0,0,0,0,0,0,1,2,1,0,1,0,0,0,0,0,0,0,0,1,0,0,8,1,6,4,1
"2019-08-19T01:00:00.000-0700",0,0,0,0,0,0,0,0,0,0,0,0,0,0,0,0,0,0,0,0,0,1,0,0,0,0,0,0,0,0,0,0,1,0,0,0,0,0,0,0,0,0,0,0,0,0,0,0,0,0,0,0,0,0,0,0,0,0,1,0,1,0,0,0,0,0,0,0,0,0,0,0,0,0,0,0,0,0,0,0,0,1,0,0,0,0,0,0,0,0,0,0,0,0,0,2,0,1,0,0
"2019-08-19T02:00:00.000-0700",0,0,0,0,0,0,0,0,0,0,0,0,0,0,0,0,0,0,0,0,0,0,2,0,0,0,0,0,0,0,0,0,0,0,0,0,0,0,0,0,0,0,0,0,0,0,0,0,0,0,0,0,0,0,0,0,0,0,0,0,1,0,0,0,0,0,0,0,0,0,0,0,0,0,0,0,0,0,0,0,0,1,0,0,0,0,0,0,0,0,0,0,0,0,0,4,2,2,0,1
"2019-08-19T03:00:00.000-0700",0,0,0,0,0,0,0,0,0,0,0,1,0,1,0,1,2,2,1,1,2,0,0,0,0,0,0,0,0,0,0,0,0,0,0,0,0,0,0,1,1,0,0,0,0,0,0,0,0,0,0,0,0,0,0,0,0,0,1,0,1,0,0,0,0,0,0,0,0,0,0,0,0,0,0,0,0,0,0,0,0,0,0,0,0,0,0,1,0,0,0,0,0,0,0,0,1,0,0,0
"2019-08-19T04:00:00.000-0700",0,0,0,0,0,0,0,0,0,1,0,1,0,0,0,1,3,3,2,3,2,1,0,0,0,0,0,0,0,0,0,0,0,1,0,0,0,0,0,1,1,0,0,0,0,0,0,0,0,0,0,0,0,0,0,0,0,0,1,0,1,0,0,0,0,0,0,0,0,0,0,0,0,0,0,0,0,0,0,0,0,0,0,0,0,1,0,0,0,0,0,0,0,0,0,0,1,0,0,0
"2019-08-19T05:00:00.000-0700",0,0,0,0,0,0,0,2,0,0,4,0,3,1,0,3,6,6,1,0,2,1,5,1,1,0,0,0,0,0,1,1,1,4,0,0,3,0,0,3,6,3,0,0,0,3,0,0,0,0,0,0,0,0,0,0,0,0,1,0,1,0,0,0,0,0,0,0,0,0,0,0,0,0,0,0,0,0,0,0,5,0,0,0,0,0,0,0,0,0,0,0,0,0,0,7,9,4,1,1
"2019-08-19T06:00:00.000-0700",0,0,0,0,0,0,0,2,1,2,9,1,5,5,1,10,14,15,4,7,6,28,57,8,31,27,8,0,1,12,17,13,22,15,1,0,18,17,3,30,20,14,7,10,3,46,4,6,1,1,0,0,1,4,6,2,3,2,0,12,12,0,10,0,0,1,0,2,1,5,0,0,0,3,11,1,2,3,1,1,38,2,0,1,1,2,0,2,4,0,0,5,5,0,0,64,105,55,33,18
"2019-08-19T07:00:00.000-0700",6,5,0,10,8,4,1,23,11,8,20,11,13,7,2,20,22,21,9,9,11,229,264,132,185,223,126,5,11,78,79,102,152,160,15,9,160,190,41,247,72,137,124,125,12,319,10,5,14,16,4,5,4,18,8,16,10,7,1,14,30,1,79,9,15,3,2,22,13,28,10,1,6,9,50,21,43,4,4,5,154,10,1,8,5,12,2,4,33,2,1,30,20,3,4,305,359,396,218,159
"2019-08-19T08:00:00.000-0700",27,16,0,18,19,7,3,39,20,14,20,6,10,16,3,23,33,23,14,9,15,271,228,71,268,204,97,16,40,84,122,99,164,174,11,4,150,189,47,230,90,115,78,88,11,327,7,2,25,19,27,14,4,6,15,31,7,6,2,5,22,1,73,37,4,2,4,18,9,94,3,4,12,14,112,24,47,8,5,12,147,20,8,11,12,23,4,11,26,4,2,30,14,2,10,445,475,453,208,145
"2019-08-19T09:00:00.000-0700",37,18,2,29,23,10,10,42,22,30,42,15,10,10,9,37,47,34,14,10,27,281,154,87,298,138,33,11,28,90,120,60,105,125,12,8,145,171,43,223,84,110,89,102,20,267,14,2,14,24,31,20,12,11,18,30,9,6,4,10,11,2,21,46,4,9,7,13,12,118,4,2,18,13,81,12,20,11,7,14,97,42,7,13,27,39,18,23,15,3,4,24,11,9,19,295,329,165,92,142
"2019-08-19T10:00:00.000-0700",58,20,2,33,25,21,6,42,18,22,43,16,17,16,8,34,51,40,17,16,25,329,141,61,261,102,27,20,46,58,121,77,110,196,18,8,186,227,57,219,88,122,130,120,11,175,10,6,11,30,39,21,14,8,18,34,8,9,4,8,15,3,38,44,9,7,6,10,16,109,12,2,6,13,84,15,30,16,3,14,74,29,9,18,22,39,15,19,20,1,6,38,22,6,10,296,319,174,117,95
"2019-08-19T11:00:00.000-0700",61,27,2,47,32,24,3,55,22,22,33,12,12,10,7,24,40,30,13,12,15,446,181,108,235,151,35,18,53,85,150,94,131,233,17,11,109,283,64,177,62,67,70,68,18,258,16,8,19,20,23,16,12,13,19,21,9,10,6,6,11,6,44,50,9,94,7,30,20,106,83,3,13,27,60,30,69,13,3,15,117,42,8,27,22,46,24,56,21,2,6,37,21,2,28,447,346,243,122,109
"2019-08-19T12:00:00.000-0700",78,31,2,48,30,26,11,78,27,35,38,24,24,3,8,23,27,24,11,11,12,831,280,212,459,277,82,23,13,183,293,245,307,449,63,47,344,615,195,434,132,246,278,301,21,507,17,7,23,25,66,29,14,27,20,56,11,11,5,11,12,7,65,61,15,49,4,133,25,112,95,17,42,92,113,114,234,15,6,24,146,45,10,32,30,53,26,65,28,3,18,46,17,4,15,440,539,330,174,265
"2019-08-19T13:00:00.000-0700",61,29,2,40,37,19,5,60,19,21,39,17,16,5,7,25,34,21,6,9,12,419,309,111,324,275,87,17,31,115,177,128,174,216,17,21,228,316,87,300,124,121,122,115,14,409,18,9,37,36,44,24,17,33,20,32,10,13,7,13,19,6,62,43,6,22,2,57,28,124,61,18,22,43,70,51,95,13,3,19,166,27,10,21,19,48,34,44,36,3,7,40,28,7,29,364,527,357,131,202
"2019-08-19T14:00:00.000-0700",64,25,2,31,22,19,7,45,28,23,42,14,13,3,7,30,31,19,6,12,16,203,243,63,261,145,44,23,74,71,103,81,106,163,9,12,77,161,34,179,57,41,30,54,16,187,10,3,10,28,34,18,15,12,15,37,9,7,6,6,9,1,27,45,15,11,3,6,52,120,52,2,11,22,87,24,16,6,3,22,150,40,7,17,32,50,34,32,24,2,6,33,17,3,13,327,339,193,108,106
"2019-08-19T15:00:00.000-0700",61,24,3,27,25,19,15,71,32,36,47,19,25,3,6,31,32,25,10,6,5,208,214,74,278,135,33,28,99,74,101,64,110,183,6,15,73,164,24,165,58,25,36,54,4,225,13,2,19,18,35,19,12,20,19,35,6,11,11,6,13,2,31,47,13,12,6,8,74,99,60,3,24,44,71,32,8,3,2,21,127,49,10,24,27,39,22,40,23,1,14,34,18,2,18,263,425,195,126,118
"2019-08-19T16:00:00.000-0700",56,23,1,28,20,14,6,39,15,16,24,12,7,1,1,18,15,9,4,3,4,147,183,67,286,124,39,19,29,48,72,63,103,108,6,7,50,125,27,155,44,18,27,42,3,210,7,1,8,18,51,18,5,9,19,34,11,5,9,8,12,1,47,54,7,21,5,9,27,118,45,1,10,14,108,21,5,1,0,10,146,38,5,11,13,32,18,36,35,1,9,26,16,6,10,339,360,253,155,110
"2019-08-19T17:00:00.000-0700",48,16,3,20,18,12,1,13,5,7,7,2,3,1,2,4,12,9,3,2,3,145,147,36,185,124,26,12,6,63,88,47,107,75,2,2,35,113,23,118,43,10,21,30,2,146,6,1,9,16,28,7,5,9,10,29,3,2,9,5,10,0,28,5,10,3,2,7,4,18,8,0,11,12,52,8,2,2,3,20,92,42,6,36,6,25,15,15,28,0,1,19,6,0,5,274,276,169,122,96
"2019-08-19T18:00:00.000-0700",22,6,0,8,7,6,0,3,1,4,2,3,3,0,0,5,7,5,1,2,1,104,79,22,80,45,16,5,3,22,30,21,46,28,3,1,34,68,19,55,15,12,19,17,4,77,1,0,5,5,8,3,0,2,3,9,2,1,8,3,1,0,19,1,1,2,1,5,0,2,2,0,0,2,10,8,1,1,1,10,52,35,7,32,2,24,6,9,12,0,5,5,4,0,2,105,111,108,72,51
"2019-08-19T19:00:00.000-0700",12,4,0,8,6,2,0,3,0,4,0,0,1,0,2,2,1,2,1,2,4,64,53,13,60,33,9,6,1,15,23,12,35,13,3,0,12,36,18,34,11,6,7,10,2,51,2,0,2,6,7,2,0,2,4,10,0,0,7,3,2,1,16,1,2,1,0,2,4,3,4,1,2,5,12,3,2,2,1,6,30,10,2,15,0,5,7,2,6,0,1,6,6,1,1,76,80,76,43,19
"2019-08-19T20:00:00.000-0700",8,5,0,8,5,3,0,0,0,0,0,1,1,0,1,0,2,1,1,0,0,34,32,6,25,18,5,5,2,6,9,8,18,8,0,0,5,10,8,23,5,3,2,3,3,14,1,0,0,6,4,3,1,2,4,3,2,1,6,1,10,0,9,0,0,3,0,2,0,0,0,0,2,4,6,5,2,0,0,0,14,2,0,2,0,1,0,2,3,2,2,7,10,0,1,54,56,51,30,14
"2019-08-19T21:00:00.000-0700",9,3,1,3,5,1,0,0,0,3,4,1,1,1,3,1,5,5,1,0,1,13,18,1,17,4,1,5,1,0,2,9,12,10,0,0,3,6,2,10,10,3,3,2,4,9,3,0,2,14,2,0,3,3,6,4,1,2,1,1,7,0,6,0,0,0,0,2,2,1,2,0,1,2,1,2,1,2,0,0,10,0,0,0,0,1,1,2,5,0,0,8,13,0,0,45,27,35,23,3
"2019-08-19T22:00:00.000-0700",0,0,0,0,0,0,0,1,1,4,2,1,2,1,4,3,1,3,0,3,2,3,19,2,5,0,2,1,0,1,1,1,3,4,0,0,0,1,0,4,2,0,1,0,1,7,2,0,0,0,0,0,0,1,2,1,0,0,2,0,1,1,2,0,1,0,0,1,1,2,0,1,0,2,2,1,2,2,1,0,6,1,0,1,0,0,0,1,1,0,2,0,1,0,0,23,14,17,12,3
"2019-08-19T23:00:00.000-0700",0,0,0,0,0,0,0,0,0,4,5,1,2,0,3,2,5,3,0,1,1,0,5,0,2,0,1,0,0,0,0,0,2,2,0,0,0,0,0,2,3,2,3,0,1,2,0,0,0,0,0,0,0,0,0,0,0,0,2,0,1,0,2,0,0,0,1,0,0,0,0,0,0,0,0,0,0,0,0,0,2,0,0,1,0,1,0,0,2,0,0,0,0,0,0,12,10,7,4,0
"2019-08-20T00:00:00.000-0700",0,0,0,0,0,0,0,0,0,0,0,0,0,0,0,0,0,0,0,0,0,0,2,0,1,1,0,1,1,0,0,0,0,0,0,0,0,0,0,0,0,0,0,0,0,2,0,0,0,1,1,0,0,0,0,0,0,0,2,0,1,0,0,0,0,0,0,0,0,0,0,0,0,0,1,0,0,0,0,0,0,0,0,0,0,0,0,0,0,0,2,1,1,0,0,6,8,2,2,1
"2019-08-20T01:00:00.000-0700",0,0,0,0,0,0,0,0,0,0,0,0,0,0,0,0,0,0,0,0,0,0,1,1,2,0,0,1,2,0,0,0,0,0,0,0,0,0,0,0,0,0,0,0,0,2,0,0,0,0,1,0,0,0,0,0,0,0,2,0,1,0,0,0,0,0,0,0,0,0,0,0,0,0,0,0,0,0,0,0,2,0,0,0,0,0,0,0,0,0,0,2,1,0,0,1,5,2,0,1
"2019-08-20T02:00:00.000-0700",0,0,0,0,0,0,0,0,0,0,1,0,0,0,0,0,0,0,0,0,0,0,0,0,0,1,0,0,0,0,0,0,0,1,0,0,0,0,0,1,0,1,0,0,0,0,0,0,0,0,0,0,0,0,0,0,0,0,2,0,1,0,0,0,0,0,0,0,0,0,0,0,0,0,0,0,0,0,0,0,0,1,0,0,0,0,0,0,0,0,0,0,0,0,0,2,1,0,1,1
"2019-08-20T03:00:00.000-0700",0,0,0,0,0,0,0,0,0,0,0,0,0,1,0,0,1,1,1,0,1,0,2,0,0,0,0,0,0,0,0,0,1,0,0,0,0,0,0,0,1,0,0,0,0,0,0,0,0,0,1,0,0,0,0,0,0,0,2,0,1,0,0,0,0,0,0,0,0,0,0,1,0,0,0,0,0,0,0,0,1,0,0,0,0,0,0,0,1,0,0,0,0,0,0,0,2,1,1,1
"2019-08-20T04:00:00.000-0700",0,0,0,0,0,0,0,0,0,0,3,0,1,2,2,3,3,2,2,3,2,1,1,0,2,0,0,0,0,0,0,0,0,1,0,1,0,0,0,2,1,0,0,0,0,1,0,0,0,0,0,0,0,0,0,0,0,0,3,0,1,0,0,0,0,0,0,0,0,0,0,0,0,0,0,0,0,0,0,0,1,0,0,0,0,0,0,1,0,0,0,0,0,0,0,2,3,1,1,0
"2019-08-20T05:00:00.000-0700",0,0,0,0,0,0,0,0,0,1,3,1,1,7,0,4,10,5,2,1,4,1,14,1,3,3,1,0,0,1,1,3,3,5,0,0,1,0,0,5,6,4,2,2,1,4,0,0,1,0,0,0,0,0,0,0,0,0,2,0,1,0,1,0,0,0,0,0,0,0,0,0,0,0,0,0,0,0,0,0,5,0,0,0,0,0,0,0,3,0,1,0,0,0,0,14,12,9,7,2
"2019-08-20T06:00:00.000-0700",13,2,0,7,7,5,5,19,7,22,12,3,3,7,2,14,22,11,7,7,6,13,31,5,28,6,5,1,4,4,7,3,6,11,0,0,6,3,0,12,13,13,7,5,4,21,5,0,1,24,0,0,1,3,8,3,2,2,1,2,17,0,3,0,0,0,0,1,0,0,0,0,4,2,7,1,1,1,1,0,13,0,0,3,0,0,6,0,1,0,0,18,23,0,0,29,45,13,10,3
"2019-08-20T07:00:00.000-0700",58,10,3,30,16,16,6,33,32,94,20,5,4,10,4,27,30,20,9,8,11,47,48,44,98,54,11,7,22,46,39,20,35,48,3,7,32,29,1,83,45,49,21,16,10,113,2,0,4,15,17,11,2,2,9,16,0,1,3,0,8,2,14,3,3,18,8,5,1,14,6,0,3,7,27,7,9,3,2,7,33,19,1,15,8,20,6,10,12,2,0,18,7,0,4,114,160,64,25,56
"2019-08-20T08:00:00.000-0700",99,25,3,44,21,21,11,41,34,94,20,8,11,10,4,21,33,21,13,7,11,366,453,177,413,402,151,14,50,182,216,126,223,179,19,21,151,267,46,339,81,142,118,95,11,485,15,1,32,19,47,18,8,17,15,82,10,8,4,9,13,7,88,35,12,44,28,11,6,66,86,4,12,19,106,8,26,5,7,12,279,47,12,19,17,36,12,71,24,1,1,25,16,2,14,444,487,585,268,290
"2019-08-20T09:00:00.000-0700",49,14,2,34,22,19,8,40,21,22,36,11,20,12,3,27,34,30,17,10,16,294,264,138,377,231,125,13,50,87,144,94,175,198,20,14,200,239,44,348,102,164,127,133,14,401,21,2,25,25,39,12,11,55,14,56,15,11,3,15,14,28,64,27,19,19,7,20,5,48,111,7,24,31,90,31,16,9,5,17,123,47,10,29,38,49,28,78,26,1,10,35,22,2,23,318,640,357,150,204
"2019-08-20T10:00:00.000-0700",62,18,1,36,23,24,6,39,13,18,37,13,13,12,2,48,50,39,18,11,20,218,135,80,262,111,22,16,42,57,102,57,87,127,14,14,125,146,23,224,75,91,82,93,17,201,14,2,9,25,32,11,13,17,20,107,6,13,9,14,12,6,22,0,0,2,2,20,1,4,0,6,14,7,35,17,22,6,5,22,87,35,10,28,31,51,26,16,17,2,7,36,25,1,22,201,348,124,46,121
"2019-08-20T11:00:00.000-0700",79,21,3,42,32,32,4,47,23,9,29,12,12,12,2,16,34,33,16,13,19,398,173,109,330,155,32,16,54,100,169,97,144,189,27,19,148,287,50,306,74,112,109,128,15,297,17,2,9,34,39,15,16,31,19,58,12,10,6,18,13,4,34,1,2,4,0,32,8,4,0,8,31,41,34,50,79,9,1,22,110,38,15,26,42,55,31,27,35,1,21,44,23,1,18,256,423,174,96,166
"2019-08-20T12:00:00.000-0700",82,26,4,35,23,26,7,57,28,22,28,13,17,3,3,20,32,28,14,11,14,641,265,147,408,224,64,20,20,121,233,196,276,337,34,20,206,473,127,394,110,167,194,199,13,414,30,5,43,34,47,21,20,59,22,46,18,16,7,21,10,8,63,4,7,3,4,97,13,4,3,16,63,97,66,110,170,12,7,23,141,56,16,31,41,53,38,32,60,2,52,40,34,5,23,398,505,340,174,208
"2019-08-20T13:00:00.000-0700",66,23,2,40,28,25,6,43,15,20,32,13,9,5,4,29,33,27,14,10,18,510,230,164,394,216,60,16,10,109,205,148,185,239,45,22,273,414,117,420,112,191,216,209,14,342,20,4,15,28,43,29,12,45,28,47,14,19,6,21,17,13,32,5,9,7,7,56,8,4,9,3,37,47,84,67,101,10,4,23,120,45,7,35,37,59,35,18,28,3,11,39,30,0,20,274,519,195,90,185
"2019-08-20T14:00:00.000-0700",78,24,0,44,31,29,6,51,27,28,33,19,12,11,5,37,43,35,10,16,16,248,161,72,308,122,27,20,14,67,119,70,111,164,19,51,133,188,51,262,66,56,68,100,18,242,23,8,18,29,33,22,19,36,29,48,12,18,7,32,21,9,23,4,15,3,14,21,7,32,6,8,27,25,58,22,26,11,7,20,100,19,6,27,25,35,20,18,17,1,12,40,32,2,16,256,444,159,67,129
"2019-08-20T15:00:00.000-0700",119,24,5,46,41,35,9,41,13,17,35,8,9,2,3,19,29,18,12,16,11,175,121,82,314,126,24,15,32,61,93,57,90,108,16,23,90,128,37,232,53,48,54,80,10,222,13,3,11,28,44,15,17,11,22,43,6,9,6,7,16,4,35,16,3,8,24,19,0,62,0,5,21,19,45,21,9,5,2,16,87,39,3,35,29,39,24,11,16,1,10,39,20,10,23,222,334,137,81,138
"2019-08-20T16:00:00.000-0700",135,21,3,65,28,37,4,39,13,12,29,7,5,0,2,10,13,10,3,7,8,153,134,60,288,131,23,26,44,55,81,43,99,94,8,9,72,101,25,225,44,31,48,78,11,231,9,4,9,20,30,22,7,10,19,38,9,6,5,11,19,5,27,9,1,13,23,18,2,60,3,0,11,11,70,17,7,8,1,19,77,36,6,43,23,34,15,14,24,2,8,42,19,8,16,238,420,180,120,134
"2019-08-20T17:00:00.000-0700",64,16,0,38,17,20,1,19,7,4,18,9,10,0,1,8,13,8,0,5,6,191,162,60,296,152,29,10,11,47,78,52,93,83,8,1,55,131,58,220,33,27,40,55,4,238,8,2,12,19,32,10,9,8,14,34,7,6,2,10,13,1,19,3,0,4,2,5,1,13,1,0,4,3,49,4,4,1,0,16,88,32,4,26,11,22,12,8,16,0,5,31,15,1,8,236,429,201,117,133
"2019-08-20T18:00:00.000-0700",26,5,0,14,10,15,0,5,0,5,9,0,1,0,2,7,15,13,6,3,4,137,114,20,107,53,16,8,7,24,26,30,55,63,3,4,36,92,36,98,20,16,19,26,3,87,1,0,1,4,14,5,2,1,3,12,3,2,4,0,2,1,14,0,1,1,1,5,0,1,0,2,2,2,10,4,1,0,1,9,50,12,1,17,0,6,9,3,9,1,4,10,2,1,3,168,167,143,90,42
"2019-08-20T19:00:00.000-0700",15,3,1,11,7,6,1,1,0,1,5,1,0,1,1,5,6,11,7,6,9,127,85,34,67,74,15,11,2,28,46,27,57,34,2,1,17,78,32,52,9,5,8,9,3,92,3,0,9,8,9,2,5,3,6,6,1,1,2,1,5,3,15,1,1,0,0,2,1,1,1,0,9,9,2,7,1,1,0,1,40,5,1,5,0,1,3,1,9,0,0,14,5,0,2,83,85,154,93,46
"2019-08-20T20:00:00.000-0700",12,4,0,9,7,6,0,0,0,2,2,0,1,0,2,2,2,2,0,0,1,54,38,10,52,21,2,8,5,8,14,7,18,8,2,0,8,22,7,30,1,3,2,5,1,41,0,0,3,4,2,1,2,1,2,5,0,0,2,1,2,0,12,0,2,1,0,0,1,2,2,0,0,0,1,0,0,1,0,3,13,8,1,1,1,5,3,2,8,0,0,12,2,0,2,63,64,81,48,18
"2019-08-20T21:00:00.000-0700",9,0,0,3,7,2,0,0,0,0,0,0,0,0,0,0,0,0,0,0,0,16,16,0,18,3,1,5,1,2,3,5,5,7,0,1,2,3,1,5,2,1,0,0,1,10,3,0,1,15,1,0,1,2,7,1,1,2,2,4,15,1,7,0,1,0,0,1,0,2,1,0,4,2,2,3,1,0,0,1,5,0,0,0,0,1,1,3,1,1,0,17,8,1,0,32,43,28,16,4
"2019-08-20T22:00:00.000-0700",0,0,0,0,0,0,0,0,1,3,2,1,1,0,2,3,3,2,0,1,1,2,12,1,3,3,2,1,1,4,1,1,4,1,0,0,1,1,0,2,2,1,1,1,1,4,1,0,3,0,0,1,1,1,2,2,0,0,3,0,2,0,5,0,2,2,1,2,1,2,2,0,1,2,3,1,2,1,0,0,4,0,0,1,0,0,1,1,1,0,0,1,2,0,0,21,4,18,8,3
"2019-08-20T23:00:00.000-0700",0,0,0,0,0,0,0,0,0,3,3,1,1,0,3,1,3,2,0,1,1,2,6,0,3,0,2,0,0,0,0,1,2,1,0,0,0,0,0,2,3,2,1,1,0,1,0,0,0,1,0,0,0,0,1,0,0,0,2,0,1,0,1,0,0,0,0,0,0,0,0,0,0,0,0,0,0,0,0,0,1,0,0,0,0,0,0,0,1,0,0,1,0,0,0,9,9,5,3,0
"2019-08-21T00:00:00.000-0700",0,1,0,0,0,0,0,0,0,0,0,0,0,0,0,0,0,0,0,0,0,0,1,0,1,1,0,1,1,0,1,1,1,0,0,0,0,0,0,0,0,0,0,0,0,3,0,0,0,1,0,0,0,0,1,0,0,0,2,0,1,0,2,0,0,0,0,0,0,0,0,0,0,0,0,0,0,0,0,0,0,0,0,0,0,0,0,1,0,0,0,1,0,0,0,3,3,5,3,0
"2019-08-21T01:00:00.000-0700",0,0,0,0,0,0,0,0,0,0,0,0,0,0,0,0,0,0,0,0,0,0,0,0,1,0,0,1,1,0,0,0,0,0,0,0,0,0,0,0,0,0,0,0,0,0,0,0,0,0,0,0,0,0,0,0,0,0,2,0,1,0,0,0,0,0,0,0,0,0,0,0,0,0,0,0,0,0,0,0,0,0,0,0,0,0,0,0,0,0,0,0,0,0,0,1,2,1,0,1
"2019-08-21T02:00:00.000-0700",0,0,0,0,0,0,0,0,0,0,0,0,0,0,0,0,0,0,0,0,0,1,1,0,0,1,0,0,0,1,1,1,0,0,0,0,0,0,0,4,0,1,0,0,0,1,0,0,0,0,0,1,0,0,0,0,0,0,2,0,1,0,1,0,0,0,0,0,0,0,0,0,0,0,0,0,0,0,1,0,0,0,0,0,0,0,0,0,1,0,0,0,0,0,0,2,5,2,1,0
"2019-08-21T03:00:00.000-0700",0,0,0,0,0,0,0,0,0,0,1,0,0,0,0,0,2,0,2,0,0,0,0,0,0,0,0,0,0,0,0,0,0,0,0,0,0,0,0,0,0,0,0,0,0,0,0,0,0,0,0,0,0,0,1,0,0,0,1,0,1,0,0,0,0,0,0,0,0,0,0,0,0,0,0,0,0,0,0,0,0,0,0,0,0,0,0,0,0,0,0,0,0,0,0,1,2,0,0,0
"2019-08-21T04:00:00.000-0700",0,0,0,0,0,0,0,0,0,2,2,0,0,0,1,0,3,3,2,1,3,0,0,0,0,0,0,0,0,0,0,0,0,1,0,0,0,0,0,0,1,1,0,0,1,1,0,0,1,0,0,0,0,0,0,0,0,0,1,0,1,0,0,0,0,0,0,0,0,0,0,0,0,0,0,0,1,0,0,0,0,1,0,0,0,0,0,0,0,0,0,0,0,0,0,0,2,1,0,1
"2019-08-21T05:00:00.000-0700",0,0,0,0,0,0,0,1,0,1,0,3,1,2,0,4,4,5,3,4,7,1,7,2,1,2,2,0,0,2,2,2,3,7,0,0,2,0,0,3,6,1,0,1,0,4,0,0,0,0,0,0,0,0,3,1,1,0,1,0,1,0,0,0,0,0,0,1,1,0,0,0,1,1,2,2,1,2,0,0,2,0,0,0,0,0,0,1,0,0,0,0,0,0,0,7,8,3,3,0
"2019-08-21T06:00:00.000-0700",0,0,0,0,0,0,0,0,1,2,5,0,3,3,0,9,22,20,7,5,12,5,13,1,9,6,3,0,0,4,5,3,5,11,0,0,5,4,1,9,20,9,3,0,10,11,0,0,0,0,0,0,1,0,12,0,0,1,7,2,5,0,2,1,1,0,0,3,1,4,2,0,2,2,11,2,3,5,0,0,3,1,0,1,1,1,0,1,4,0,1,2,5,0,1,27,29,19,12,3
"2019-08-21T07:00:00.000-0700",13,6,1,11,8,3,0,14,9,11,15,4,2,8,2,21,27,28,7,6,11,48,90,24,101,74,11,3,15,34,50,20,38,54,3,0,35,22,3,111,41,38,18,23,16,181,7,1,8,19,2,3,4,9,23,31,4,11,14,6,22,10,13,17,12,49,38,9,10,41,22,2,24,27,156,20,11,12,6,3,38,43,5,8,5,9,5,10,7,2,2,18,25,1,4,96,218,53,31,72
"2019-08-21T08:00:00.000-0700",37,8,0,17,12,11,5,27,11,22,20,4,3,7,3,19,38,32,10,7,14,358,437,153,467,369,143,15,51,144,201,160,215,213,24,13,216,276,69,415,123,181,154,134,19,575,9,2,28,21,31,30,10,14,18,72,18,12,3,6,21,5,96,87,22,57,55,15,13,177,96,2,15,35,180,39,30,12,5,17,285,79,13,24,23,41,21,59,30,3,5,40,22,6,12,418,636,506,261,288
"2019-08-21T09:00:00.000-0700",45,21,1,28,19,14,1,47,29,103,36,22,9,14,5,32,38,32,13,15,23,187,151,92,270,146,34,16,52,69,84,46,80,100,29,106,144,134,22,252,128,120,79,102,21,283,12,6,14,25,18,11,11,15,15,34,5,10,8,13,14,7,22,37,14,31,30,18,10,118,69,1,11,42,155,35,33,14,4,16,96,38,9,24,23,60,23,37,18,1,7,28,26,1,28,189,424,144,64,137
"2019-08-21T10:00:00.000-0700",60,28,0,35,21,26,9,66,24,92,40,36,17,16,4,38,50,43,21,23,32,274,155,100,338,146,37,22,42,75,113,66,118,142,36,128,182,216,46,344,153,158,109,152,22,282,19,8,16,27,32,23,17,16,21,40,9,13,12,13,16,5,26,6,8,9,11,18,13,10,6,3,16,45,59,48,43,14,6,30,108,99,14,58,27,74,39,17,25,3,10,34,29,1,36,202,434,178,87,140
"2019-08-21T11:00:00.000-0700",81,25,3,40,24,30,5,75,23,89,35,26,19,16,12,26,43,36,17,13,23,434,198,121,354,169,45,25,64,84,157,91,142,196,24,117,193,297,57,360,169,148,147,164,17,327,7,12,15,30,38,26,13,24,27,53,8,7,6,18,28,6,25,15,21,24,16,45,43,41,19,4,23,59,83,52,60,15,4,31,151,99,15,52,21,91,25,28,29,2,15,45,32,0,12,268,461,184,100,198
"2019-08-21T12:00:00.000-0700",93,25,2,44,29,35,9,80,36,91,36,26,21,15,7,31,43,37,18,15,21,621,270,170,416,210,65,23,120,148,245,153,230,274,29,89,287,464,126,404,155,179,193,200,18,446,26,9,23,32,41,27,15,25,38,67,10,15,7,15,25,7,38,89,50,165,100,70,44,221,143,6,55,78,270,84,139,24,18,26,168,80,13,47,27,58,29,47,29,9,19,38,41,11,22,324,674,269,154,169
"2019-08-21T13:00:00.000-0700",93,27,2,40,28,34,17,71,27,38,37,13,17,11,9,19,39,35,14,17,16,324,204,99,339,151,44,21,16,91,134,94,128,197,27,59,165,231,50,281,91,92,89,117,17,322,17,9,19,26,29,19,9,29,24,48,12,13,6,15,11,6,43,49,36,76,58,76,23,137,76,7,30,57,193,52,90,23,13,12,109,44,9,22,15,43,37,23,17,6,6,41,29,9,40,245,465,169,80,154
"2019-08-21T14:00:00.000-0700",85,31,3,39,26,36,10,68,28,39,49,14,21,11,8,39,44,41,14,27,27,258,235,89,340,168,47,29,64,74,127,78,150,142,20,60,121,185,42,262,93,74,70,87,21,313,17,12,13,35,53,21,18,18,24,52,15,14,9,14,18,6,49,9,25,12,9,21,32,18,10,9,25,36,69,29,28,12,2,20,156,45,10,33,32,56,26,16,20,5,4,41,35,2,26,291,480,197,127,139
"2019-08-21T15:00:00.000-0700",83,23,1,42,26,33,8,45,22,14,45,13,13,5,5,30,36,28,6,14,16,223,198,71,278,129,36,19,79,70,114,66,93,139,13,43,74,166,28,192,66,45,46,55,13,240,16,9,17,27,38,22,15,23,15,45,10,12,3,12,10,5,45,4,20,3,0,10,21,3,5,9,26,45,27,25,7,7,0,16,143,43,6,24,21,50,22,16,18,1,10,35,27,0,16,277,353,167,114,117
"2019-08-21T16:00:00.000-0700",77,32,4,35,34,30,5,31,15,16,28,9,6,1,2,19,15,12,4,10,7,204,186,70,282,135,22,23,29,59,119,49,101,150,12,14,64,149,31,171,44,34,30,42,8,251,10,5,10,30,35,19,13,5,21,42,10,8,3,6,18,5,35,0,10,3,0,7,3,0,0,4,24,55,18,39,8,3,1,15,105,29,6,24,19,27,13,14,17,2,4,46,25,2,5,226,365,134,96,124
"2019-08-21T17:00:00.000-0700",55,23,2,26,19,24,1,11,4,3,9,5,5,1,1,4,4,5,2,1,3,143,115,45,188,66,22,14,6,38,50,24,55,63,5,1,45,100,25,127,35,23,25,39,3,145,6,1,5,14,17,13,7,8,9,28,3,6,2,3,9,0,19,0,8,2,3,12,1,4,3,4,11,14,21,7,2,1,3,10,67,12,5,16,7,16,9,9,20,0,3,31,9,0,3,235,264,142,77,60
"2019-08-21T18:00:00.000-0700",37,13,0,19,18,18,2,8,2,3,3,2,0,0,1,6,10,8,4,3,4,253,139,81,162,124,25,13,3,66,90,48,103,59,9,3,40,198,66,125,30,19,35,31,9,182,5,0,8,8,20,8,2,11,8,21,1,2,3,4,4,0,34,1,6,3,0,11,2,0,1,1,10,11,9,8,1,3,2,3,79,18,3,20,0,8,4,4,17,0,1,14,4,0,0,162,160,189,112,86
"2019-08-21T19:00:00.000-0700",28,8,0,8,17,12,0,3,4,2,2,0,1,0,1,2,5,5,1,2,5,154,172,29,120,77,26,8,6,31,37,47,86,49,1,2,29,74,42,93,17,11,15,14,2,126,4,3,5,10,13,7,2,12,7,10,4,4,1,7,6,0,46,1,2,3,0,2,2,2,2,0,2,2,8,4,2,1,0,8,96,23,4,24,3,16,8,2,24,0,3,15,7,1,0,161,181,225,160,66
"2019-08-21T20:00:00.000-0700",16,4,2,9,13,7,1,1,0,3,1,0,0,0,1,1,2,1,1,1,0,48,37,9,56,21,6,13,4,9,9,9,23,17,0,1,10,21,10,28,5,4,7,4,1,32,1,0,2,11,3,0,0,3,9,5,0,2,1,2,4,0,18,0,1,0,0,1,0,2,0,0,1,2,3,1,1,2,1,2,13,4,0,10,1,2,4,1,12,0,0,20,10,0,1,75,62,59,54,20
"2019-08-21T21:00:00.000-0700",9,2,0,4,7,2,0,0,0,2,2,0,0,0,0,0,2,1,0,0,1,13,75,2,45,22,12,5,3,7,5,13,17,6,1,0,5,5,2,33,5,2,2,2,1,42,2,4,1,16,2,0,1,5,6,1,1,2,1,8,18,0,20,0,0,3,0,3,0,0,0,0,0,2,4,2,1,2,0,0,44,0,1,1,0,0,1,2,6,0,0,15,14,0,0,103,109,121,94,25
"2019-08-21T22:00:00.000-0700",1,0,0,0,1,0,0,0,0,2,1,0,0,0,1,0,3,1,0,1,0,1,17,2,8,9,3,1,1,2,1,1,4,1,0,0,0,0,0,5,2,0,0,1,2,6,0,0,0,1,0,1,0,0,2,1,0,0,1,0,1,0,2,0,0,1,0,0,0,0,0,0,1,0,1,0,1,1,0,0,3,0,0,0,0,1,0,2,1,0,0,1,0,0,0,28,20,20,8,4
"2019-08-21T23:00:00.000-0700",0,0,0,0,0,0,0,0,0,0,0,0,0,0,0,0,0,0,0,0,0,0,4,1,6,5,2,0,0,2,0,4,6,3,0,0,1,0,0,5,0,0,0,0,0,4,0,0,2,1,0,0,0,0,2,1,0,0,1,1,1,0,4,0,0,1,0,0,0,0,0,0,0,0,2,0,0,0,0,0,2,1,0,0,0,1,0,2,3,0,0,1,0,0,0,13,7,10,9,2
"2019-08-22T00:00:00.000-0700",0,0,0,0,0,0,0,1,0,0,0,0,0,0,0,0,0,0,0,0,0,1,3,0,5,2,0,1,1,0,0,0,1,0,0,1,0,0,0,2,0,0,0,0,0,4,0,0,1,1,1,0,0,0,1,0,0,0,1,2,1,0,2,0,0,0,0,0,0,0,0,0,0,0,0,0,0,0,0,0,1,0,0,0,0,0,0,1,1,0,0,1,0,0,0,3,7,3,3,0
"2019-08-22T01:00:00.000-0700",0,0,0,0,0,0,0,0,0,0,0,0,0,0,0,0,0,0,0,0,0,0,1,0,0,0,0,0,0,0,0,0,1,0,0,0,0,0,0,0,0,0,0,0,0,0,0,0,0,0,0,0,0,0,0,0,0,0,1,2,1,0,0,0,0,0,0,0,0,0,0,0,0,0,0,0,0,0,0,0,0,1,0,0,0,0,0,1,0,0,0,1,0,0,0,2,2,0,0,0
"2019-08-22T02:00:00.000-0700",0,0,0,0,0,0,0,0,0,0,0,0,0,0,0,0,0,0,0,0,0,0,0,0,0,0,0,0,0,0,0,0,1,0,0,0,0,0,0,0,0,0,0,0,0,0,0,0,0,0,0,0,0,0,0,0,0,0,1,1,1,0,0,0,0,0,0,0,0,0,0,0,0,0,0,0,0,0,0,0,0,0,0,0,0,0,0,1,0,0,0,0,0,0,0,2,1,0,0,0
"2019-08-22T03:00:00.000-0700",0,0,0,0,0,0,0,0,0,1,1,1,0,2,1,3,4,4,1,0,1,0,0,0,0,0,0,0,0,0,0,0,1,0,0,0,1,0,0,1,3,0,0,0,0,1,0,0,0,0,0,0,0,0,0,0,0,0,1,1,1,0,0,0,0,0,0,0,0,0,0,0,0,0,0,0,0,0,0,0,0,0,0,0,0,0,0,1,0,0,0,0,0,0,0,1,5,1,0,0
"2019-08-22T04:00:00.000-0700",0,0,0,0,0,0,0,0,0,2,1,0,0,2,0,1,5,5,2,3,3,2,1,0,1,0,0,0,0,0,0,1,1,1,0,0,1,0,0,0,5,2,1,1,0,0,0,0,0,0,0,1,0,0,1,1,0,0,1,1,1,0,0,0,0,0,0,0,0,0,0,0,0,0,0,0,0,0,0,0,0,0,0,0,0,0,0,1,0,0,0,0,0,0,0,4,3,0,0,0
"2019-08-22T05:00:00.000-0700",0,0,0,0,0,0,1,3,2,1,2,2,0,2,0,7,5,4,2,4,4,1,8,0,3,1,0,0,0,1,2,1,1,4,0,0,1,1,0,3,5,4,1,0,0,6,0,0,0,0,0,0,0,0,2,1,0,0,1,0,1,0,0,0,0,0,0,0,0,0,0,0,1,1,1,0,0,0,0,0,3,1,0,0,0,0,0,1,0,0,0,0,0,0,0,13,9,10,2,2
"2019-08-22T06:00:00.000-0700",0,0,0,0,0,0,0,1,0,5,7,1,0,2,1,9,12,9,7,4,6,97,229,64,52,126,74,0,0,40,57,67,84,85,10,2,63,78,6,67,18,26,33,35,4,160,0,0,5,0,0,0,0,11,3,3,5,0,2,1,2,0,40,0,0,2,2,0,0,0,0,0,0,0,17,4,2,1,0,1,146,3,0,2,2,2,1,1,11,0,2,1,0,0,0,145,172,274,127,60
"2019-08-22T07:00:00.000-0700",11,4,0,7,7,6,6,27,13,14,22,7,7,10,4,25,32,26,15,11,11,313,175,118,272,199,99,4,19,72,96,72,122,121,19,16,255,198,56,341,66,203,162,163,12,327,10,0,22,26,14,9,7,14,16,36,5,4,3,9,23,2,69,10,6,6,8,8,1,26,5,1,12,15,67,17,10,4,3,4,79,17,2,21,6,13,4,6,21,1,1,27,23,0,5,264,521,315,133,173
"2019-08-22T08:00:00.000-0700",25,11,0,20,18,12,8,43,22,20,23,5,7,14,4,14,32,27,18,15,17,188,160,73,284,141,42,13,51,63,98,61,101,120,14,4,153,132,29,289,76,139,104,114,21,272,11,5,19,18,32,19,9,42,27,50,10,6,2,23,32,5,27,21,16,11,17,11,3,48,32,7,34,39,81,19,22,7,2,9,93,19,3,21,7,13,16,30,15,4,4,43,31,4,9,294,478,193,90,128
"2019-08-22T09:00:00.000-0700",40,16,2,26,21,13,8,50,17,16,32,11,11,14,5,27,41,35,14,9,22,195,155,75,289,145,38,12,42,47,70,47,61,103,15,8,178,147,22,285,108,137,106,113,20,221,9,2,12,35,39,21,17,36,18,32,4,9,6,10,17,8,28,13,11,4,10,21,11,39,39,2,7,23,62,14,21,11,6,15,86,28,8,25,18,34,16,25,30,0,7,39,18,1,14,202,411,149,70,119
"2019-08-22T10:00:00.000-0700",64,26,2,31,19,31,11,38,18,23,35,19,14,26,4,34,51,39,26,16,25,251,170,65,290,139,26,14,16,60,96,57,84,129,14,10,158,167,40,254,97,104,92,113,19,256,17,7,16,26,28,17,13,51,17,40,16,13,9,15,11,9,29,8,9,10,19,28,9,8,11,10,18,39,56,37,37,11,3,24,111,54,11,36,32,38,23,32,32,1,10,30,25,3,17,178,391,161,78,125
"2019-08-22T11:00:00.000-0700",74,25,2,39,26,33,14,100,31,64,43,24,15,17,9,26,46,30,27,14,21,710,216,167,411,231,68,15,10,153,263,163,223,284,26,41,290,488,145,432,120,180,216,202,30,436,22,5,25,32,46,29,13,55,22,50,11,20,5,12,11,6,58,5,22,14,16,68,14,7,10,10,47,61,79,66,135,11,5,23,159,87,11,47,29,64,17,35,61,0,25,37,24,0,12,323,494,282,140,215
"2019-08-22T12:00:00.000-0700",100,36,2,48,27,57,17,91,34,65,30,25,17,8,4,24,30,31,16,8,15,770,300,203,454,263,100,19,67,136,269,209,271,392,57,24,302,527,129,441,109,207,212,218,40,491,22,6,28,25,42,28,17,65,24,65,13,15,6,14,14,13,57,3,17,13,6,113,16,4,4,10,77,105,79,124,241,13,6,20,175,72,17,34,42,44,16,31,61,6,35,36,25,3,14,403,607,298,160,256
"2019-08-22T13:00:00.000-0700",87,29,4,38,35,44,17,60,23,31,38,19,16,8,1,26,41,35,18,15,20,299,182,100,321,154,46,21,22,97,159,97,126,159,21,17,128,213,38,247,86,78,84,99,24,270,18,4,18,34,38,21,14,40,19,44,7,12,4,10,11,6,36,4,5,6,3,31,6,3,3,8,25,43,37,61,88,16,2,15,112,55,10,23,24,39,16,31,67,2,49,29,26,2,14,247,388,196,92,148
"2019-08-22T14:00:00.000-0700",99,28,7,42,29,52,32,80,41,21,48,22,17,7,4,41,41,33,15,14,20,262,180,102,370,172,53,25,13,76,140,84,133,185,21,11,153,200,40,280,102,99,93,120,34,319,20,7,25,32,39,24,9,36,20,59,16,19,3,11,17,10,43,4,11,8,5,11,7,4,3,9,43,47,50,76,37,8,11,23,137,58,13,27,30,39,16,26,64,6,48,46,31,4,15,249,438,208,103,173
"2019-08-22T15:00:00.000-0700",97,27,3,35,29,50,13,63,32,22,39,18,10,1,4,23,29,23,8,19,14,219,242,80,379,168,48,22,68,66,106,62,119,140,9,7,116,161,39,314,68,48,64,83,20,295,25,12,14,31,46,20,17,22,17,38,13,5,6,30,34,5,24,2,8,2,3,10,5,3,2,1,27,14,38,16,11,7,2,20,127,66,10,24,25,33,20,21,46,1,31,45,31,1,13,283,468,226,104,152
"2019-08-22T16:00:00.000-0700",103,25,2,38,30,50,14,52,27,20,31,13,13,2,1,22,29,22,12,8,11,225,237,90,335,142,36,31,96,63,119,65,97,128,13,5,104,174,44,270,59,43,56,104,10,265,16,1,10,30,35,24,10,21,19,33,9,6,3,8,34,3,32,0,2,5,5,7,0,1,1,0,16,10,38,18,9,4,0,12,130,36,9,15,14,14,12,16,28,1,8,48,28,0,5,259,471,197,118,136
"2019-08-22T17:00:00.000-0700",63,20,0,16,15,38,4,18,10,11,10,4,7,1,2,11,17,11,5,8,8,245,212,80,288,105,29,14,33,59,60,48,85,91,6,3,61,198,40,234,33,28,29,51,6,222,10,0,9,12,23,13,5,12,12,34,11,5,2,5,10,3,22,0,0,7,3,6,1,1,0,2,14,11,29,17,7,2,2,8,112,12,4,13,3,8,11,9,17,1,2,28,8,2,2,267,422,209,102,118
"2019-08-22T18:00:00.000-0700",48,15,1,16,15,25,2,8,3,8,6,5,2,0,0,12,14,15,5,8,13,289,132,63,178,74,21,11,7,43,50,43,98,66,10,1,65,175,59,159,26,28,48,53,7,159,3,0,8,6,15,9,2,4,6,24,4,1,1,3,5,2,24,0,0,4,3,5,2,0,0,1,5,11,14,11,5,1,1,5,73,11,7,7,5,4,7,3,14,2,3,18,2,1,2,206,295,193,101,76
"2019-08-22T19:00:00.000-0700",24,7,0,13,14,13,0,3,0,6,2,1,1,0,0,2,8,8,5,5,7,245,133,52,136,80,23,10,9,48,65,32,91,47,7,0,40,159,59,121,13,16,27,30,4,146,0,0,5,7,7,6,3,3,8,17,2,1,1,1,4,1,27,0,1,3,0,1,0,0,0,0,1,2,5,3,3,1,0,4,74,7,3,8,1,7,7,0,16,0,1,10,5,0,3,117,248,193,91,61
"2019-08-22T20:00:00.000-0700",20,6,0,11,14,10,0,1,5,7,1,0,1,2,2,3,4,4,1,3,1,89,63,21,70,33,12,12,7,9,12,16,37,16,0,0,14,45,19,53,7,8,6,10,2,70,1,0,0,9,3,2,2,3,1,7,3,1,1,1,6,0,18,0,0,0,0,1,0,0,0,0,0,0,2,5,1,0,0,3,36,6,0,4,1,5,8,0,11,0,1,14,4,0,1,80,151,93,67,35
"2019-08-22T21:00:00.000-0700",14,4,0,6,10,2,0,0,0,0,1,1,1,0,0,2,1,1,1,1,1,9,46,4,35,15,3,6,3,7,6,6,14,9,0,0,1,2,1,28,8,1,1,2,2,25,5,0,1,12,1,1,2,5,5,4,1,3,1,4,12,1,3,0,0,1,0,1,0,0,0,0,1,2,7,0,0,0,0,2,22,1,1,1,0,2,6,0,0,0,0,16,8,0,0,35,121,31,25,17
"2019-08-22T22:00:00.000-0700",1,0,0,1,0,0,0,0,0,3,3,0,2,1,1,2,2,1,1,2,1,1,20,0,9,7,3,0,0,1,0,2,2,1,0,0,0,0,0,9,2,2,1,1,2,12,0,0,1,0,1,1,0,1,2,2,0,2,1,1,1,1,6,0,0,0,0,1,0,0,0,0,0,0,3,1,0,0,0,2,12,2,0,4,0,1,1,1,4,1,1,1,0,1,0,31,63,30,22,1
"2019-08-22T23:00:00.000-0700",0,0,0,0,0,0,0,0,0,2,2,1,1,1,2,3,2,2,2,1,1,2,6,0,4,2,2,1,0,1,0,1,1,2,0,0,2,0,0,7,2,2,2,0,1,5,0,0,0,1,1,1,1,0,1,1,0,0,1,2,1,0,1,0,0,0,0,0,0,0,0,0,0,0,0,0,0,0,0,0,0,0,0,0,0,0,0,0,0,0,0,0,1,0,0,14,14,10,6,1
"2019-08-23T00:00:00.000-0700",0,0,0,0,0,0,1,0,0,0,0,0,1,0,0,1,0,0,0,0,0,0,1,0,3,1,0,1,1,0,0,0,1,0,0,0,0,0,0,2,0,0,0,0,0,4,0,0,0,1,0,1,0,0,1,0,0,0,1,1,1,0,0,0,0,0,0,0,0,0,0,0,0,0,0,0,0,0,0,0,2,0,0,0,0,0,0,0,0,0,0,1,0,0,0,1,9,6,2,1
"2019-08-23T01:00:00.000-0700",0,0,0,0,0,0,0,0,0,0,0,0,1,0,0,1,0,0,0,0,0,0,1,1,2,2,0,1,1,1,0,0,1,0,0,0,0,0,0,1,0,0,0,0,0,2,0,0,0,0,1,0,0,0,0,0,0,0,1,1,1,0,0,0,0,0,0,0,0,0,0,0,0,0,0,0,0,0,0,0,0,0,0,0,1,1,0,0,0,0,0,1,0,0,0,0,4,2,1,1
"2019-08-23T02:00:00.000-0700",0,0,0,0,0,0,0,0,0,0,0,0,1,0,0,1,0,0,0,0,0,0,0,0,0,0,0,0,0,0,0,0,1,0,0,0,0,0,0,0,0,0,0,0,0,0,0,0,0,0,0,0,0,0,0,0,0,0,1,1,1,0,0,0,0,0,0,0,0,0,0,0,0,0,0,0,0,0,0,0,0,0,0,0,0,0,0,0,0,0,0,0,0,0,0,3,1,1,0,0
"2019-08-23T03:00:00.000-0700",0,0,0,0,0,0,0,0,0,0,0,0,1,2,0,2,1,2,0,0,2,0,0,0,1,0,0,0,0,0,0,0,1,0,0,0,1,0,0,1,4,1,1,1,0,0,0,0,0,0,0,0,0,0,0,0,0,0,1,0,1,0,0,0,0,0,0,0,0,0,0,0,0,0,0,0,0,0,0,0,0,0,0,0,1,0,0,0,0,0,0,0,0,0,0,0,5,0,0,0
"2019-08-23T04:00:00.000-0700",0,0,0,0,0,0,0,0,0,0,2,0,1,1,0,1,3,4,1,3,3,1,1,0,0,0,0,0,0,0,0,0,1,1,0,0,0,0,0,0,2,5,0,0,0,0,0,0,0,0,0,0,0,0,1,0,0,0,1,1,1,0,0,0,0,0,0,0,0,0,0,0,0,0,0,0,0,0,0,0,0,0,0,0,0,0,0,0,0,0,0,0,0,0,0,5,4,1,0,0
"2019-08-23T05:00:00.000-0700",0,0,0,0,0,0,0,0,0,1,3,2,2,5,1,3,8,9,2,4,5,1,4,0,1,1,0,1,0,1,2,2,3,3,0,0,1,0,0,2,8,5,2,2,1,1,0,0,0,0,0,0,0,0,0,0,0,0,1,1,1,0,0,0,0,0,0,0,0,0,0,0,0,0,0,0,0,0,0,0,2,0,0,0,1,1,0,0,0,0,0,0,0,0,0,7,14,5,3,0
"2019-08-23T06:00:00.000-0700",0,0,0,0,0,0,0,2,2,4,5,0,2,1,2,9,8,10,6,7,8,5,13,0,8,3,6,0,0,1,4,2,5,4,0,0,4,4,0,10,13,12,4,3,4,11,0,0,0,0,0,0,0,0,0,0,0,0,1,0,1,0,5,0,0,0,0,0,0,0,0,0,1,0,0,0,1,1,0,0,3,0,0,0,0,0,0,0,2,0,2,1,0,0,0,23,22,13,13,1
"2019-08-23T07:00:00.000-0700",10,5,0,10,13,8,1,17,9,7,12,6,3,10,2,26,37,22,15,10,12,46,82,24,75,62,16,2,15,23,33,20,31,40,1,2,49,40,4,113,54,54,35,31,14,92,6,0,7,18,6,2,3,8,11,9,4,3,1,2,15,1,13,2,4,0,0,5,1,4,3,0,4,7,26,6,9,4,3,7,45,6,0,6,5,9,5,4,6,2,1,22,21,1,6,129,170,80,38,38
"2019-08-23T08:00:00.000-0700",42,14,0,25,18,18,5,32,18,13,14,12,8,11,4,17,31,22,13,15,15,110,328,55,256,227,67,16,62,84,94,61,124,92,9,12,83,94,12,213,76,92,53,52,21,334,9,2,13,29,24,15,7,19,12,30,17,3,1,5,12,12,51,66,26,29,9,16,4,117,141,5,18,16,158,15,31,7,5,6,155,22,3,11,12,17,9,90,30,2,1,35,15,2,6,363,368,366,230,151
"2019-08-23T09:00:00.000-0700",85,23,4,29,23,41,4,58,24,25,38,13,8,11,3,23,46,32,16,13,28,183,298,77,311,212,55,18,68,79,114,90,137,132,12,24,125,130,20,182,90,116,48,64,27,298,13,8,19,22,44,21,11,15,18,42,19,6,4,9,16,8,50,63,19,17,6,12,3,56,141,6,30,20,66,13,34,9,6,11,163,43,6,13,18,34,14,88,32,4,7,43,26,0,13,407,351,312,172,179
"2019-08-23T10:00:00.000-0700",223,51,7,66,30,112,7,84,41,32,41,15,21,19,1,26,45,28,13,21,23,417,453,143,607,389,96,36,97,226,279,118,272,213,20,22,149,277,43,389,89,179,136,99,20,661,12,9,26,18,101,46,7,27,21,80,12,6,5,11,12,85,91,130,87,48,19,38,19,167,368,25,92,105,229,55,62,9,6,15,275,62,10,18,42,56,18,155,46,1,20,46,20,1,28,401,458,532,261,310
"2019-08-23T11:00:00.000-0700",180,37,4,55,34,105,7,98,52,31,47,19,26,18,6,28,55,38,19,18,22,539,380,171,626,373,90,45,92,227,309,195,299,338,30,15,174,356,100,431,102,148,119,92,28,730,20,16,41,22,87,59,7,43,34,88,19,11,5,19,9,80,94,120,92,37,14,45,15,88,237,15,76,97,163,89,94,9,5,18,210,71,21,33,38,51,37,135,59,1,20,48,28,0,38,488,560,497,241,311
"2019-08-23T12:00:00.000-0700",214,53,14,70,42,111,7,99,38,29,44,7,18,10,3,20,30,30,9,6,14,703,504,196,663,404,119,42,44,234,332,241,312,366,42,20,234,471,105,468,118,161,163,161,25,702,18,13,42,32,93,60,14,77,33,174,22,13,3,20,13,32,94,177,40,67,50,68,27,244,280,14,67,77,324,86,165,7,9,22,275,87,17,27,38,54,25,133,46,1,19,52,24,7,30,412,605,532,277,294
"2019-08-23T13:00:00.000-0700",219,45,4,65,34,114,10,72,33,25,42,3,15,7,2,22,34,27,15,16,21,541,384,166,645,367,94,53,40,201,273,192,262,277,22,18,179,412,70,430,98,107,111,104,41,668,24,10,21,45,94,62,15,33,39,122,14,12,4,34,21,22,96,130,31,58,35,67,11,283,232,9,44,61,318,77,123,7,10,14,224,64,18,30,32,49,29,91,51,7,17,60,36,1,32,393,623,546,259,294
"2019-08-23T14:00:00.000-0700",203,59,5,64,27,76,13,75,30,24,49,17,27,1,3,24,46,42,10,20,17,395,304,136,550,244,72,55,22,130,209,151,208,245,24,13,138,295,67,297,73,94,81,86,20,474,19,10,27,36,80,63,19,21,31,94,19,13,6,15,20,2,71,2,1,3,0,15,4,4,1,3,18,25,34,40,19,8,2,15,155,47,12,15,23,40,26,11,36,2,4,51,38,0,31,383,491,395,214,202
"2019-08-23T15:00:00.000-0700",171,41,4,54,33,85,13,86,36,28,45,12,17,4,4,25,33,27,12,12,12,269,239,97,445,191,44,48,27,90,125,103,160,153,11,12,75,184,40,236,58,43,34,58,14,330,16,8,16,30,46,54,16,17,14,73,12,11,8,14,16,1,47,2,0,4,0,5,4,6,1,3,12,4,20,19,5,6,2,18,119,44,11,14,30,39,18,11,20,1,10,46,30,1,21,385,386,261,159,169
"2019-08-23T16:00:00.000-0700",139,33,1,47,31,72,12,51,20,14,36,12,15,1,3,17,25,16,6,9,8,219,198,77,364,150,36,50,55,73,96,73,136,112,4,3,55,175,39,211,46,30,39,49,11,277,12,3,14,30,37,42,13,11,13,64,16,11,4,6,13,3,44,0,1,15,12,8,5,6,1,2,8,15,45,12,8,5,1,12,117,34,8,14,11,21,7,9,25,1,4,46,27,0,9,344,389,242,167,129
"2019-08-23T17:00:00.000-0700",99,31,2,32,22,47,3,15,9,4,14,3,5,1,1,4,11,11,5,8,10,202,164,56,249,103,21,30,6,43,65,44,90,106,2,1,43,161,39,133,26,9,25,40,6,212,2,0,4,19,15,25,6,11,12,25,7,2,1,1,8,3,29,14,2,23,22,6,2,59,0,3,16,14,117,12,6,5,2,11,67,19,3,8,6,9,6,7,13,1,1,33,8,3,4,256,302,198,104,88
"2019-08-23T18:00:00.000-0700",61,17,1,23,17,33,1,6,3,4,4,2,1,0,0,3,4,4,1,2,3,293,147,51,173,117,26,24,4,74,93,48,122,68,4,5,42,153,75,113,21,8,32,31,2,193,5,0,9,11,13,13,4,3,3,21,6,5,1,3,1,5,38,35,3,9,9,12,6,115,2,4,13,9,62,9,4,3,0,7,72,17,4,10,1,12,7,1,19,2,3,16,4,3,0,143,179,247,137,70
"2019-08-23T19:00:00.000-0700",40,10,2,12,15,14,1,4,5,3,1,0,1,0,0,2,2,0,1,2,2,465,344,141,239,329,104,10,5,147,121,139,331,133,16,2,94,318,89,212,13,32,61,50,0,458,3,0,18,9,14,18,3,17,6,25,10,1,1,3,3,1,263,29,2,6,13,6,2,109,3,2,7,16,87,19,1,2,0,5,162,14,5,8,0,7,9,2,187,1,1,11,3,1,0,264,304,783,583,193
"2019-08-23T20:00:00.000-0700",21,8,1,12,13,13,0,2,3,7,2,0,2,0,1,1,4,2,1,1,2,294,255,117,145,238,89,21,5,91,86,263,423,126,14,4,47,214,50,137,7,19,31,29,3,366,2,0,26,13,9,13,1,10,3,16,9,1,1,5,3,1,367,4,1,7,8,8,2,21,2,6,3,50,38,13,3,4,0,1,90,4,2,3,1,3,2,2,420,0,2,17,4,1,0,229,181,1060,750,128
"2019-08-23T21:00:00.000-0700",10,4,0,6,9,4,0,2,1,1,1,1,1,0,0,2,2,2,1,0,2,37,69,4,48,48,18,8,4,13,17,48,71,30,0,0,6,9,3,52,7,3,4,2,2,75,6,0,4,16,2,0,2,7,6,6,2,2,1,2,12,0,57,0,1,0,0,4,2,2,1,1,2,10,10,2,1,2,0,1,23,0,0,1,1,1,2,0,51,0,0,17,12,0,0,60,96,234,152,22
"2019-08-23T22:00:00.000-0700",0,0,0,0,0,0,0,0,1,2,3,1,1,0,2,1,3,2,2,2,1,0,32,1,20,12,9,1,1,1,0,11,11,3,0,0,0,0,0,19,5,0,0,0,2,27,1,0,3,0,1,1,1,2,1,0,0,0,1,1,2,0,12,0,0,0,0,1,1,1,0,0,0,2,2,1,1,1,0,0,15,0,2,0,0,0,0,1,13,1,1,1,1,1,0,48,38,85,46,7
"2019-08-23T23:00:00.000-0700",1,0,0,1,1,1,0,0,2,2,4,1,0,0,1,0,2,2,0,1,0,0,13,0,7,4,6,1,1,3,1,2,2,0,0,0,1,0,0,7,1,1,1,0,1,10,0,0,1,0,1,0,0,0,1,2,0,0,1,1,1,0,1,0,0,0,0,0,0,0,0,0,0,0,1,0,0,0,0,0,3,0,0,1,0,2,0,0,1,0,0,1,0,0,0,13,16,21,14,3
"2019-08-24T00:00:00.000-0700",0,0,0,0,0,0,1,1,1,0,1,0,0,0,0,0,0,0,0,0,0,0,7,0,6,2,0,1,1,0,1,1,2,0,0,0,0,1,0,6,0,0,0,0,0,3,0,0,1,1,1,0,0,0,0,0,1,0,1,0,1,0,0,0,0,0,0,0,0,0,0,0,0,0,0,0,0,0,0,0,6,0,0,0,0,0,0,0,0,0,0,1,0,0,0,8,9,11,8,2
"2019-08-24T01:00:00.000-0700",0,0,0,0,0,0,0,0,1,0,0,0,0,0,0,0,0,0,0,0,0,0,7,0,2,1,0,0,0,0,0,0,1,0,0,0,0,0,0,0,0,0,0,0,0,3,0,0,0,0,0,1,0,0,0,0,0,0,1,1,1,0,0,0,0,0,0,0,0,0,0,0,0,0,0,0,0,0,0,0,0,0,0,0,0,0,0,0,0,0,0,1,0,0,0,1,5,4,4,0
"2019-08-24T02:00:00.000-0700",0,0,0,0,0,0,0,0,1,0,0,0,0,0,0,0,0,0,0,0,0,0,0,0,0,0,0,0,0,0,0,1,1,0,0,0,0,0,0,1,0,0,0,0,0,1,0,0,0,0,1,0,0,0,0,0,0,1,1,1,1,0,0,0,0,0,0,0,0,0,0,0,0,0,0,0,0,0,0,0,0,0,0,0,0,0,0,0,0,0,0,0,0,0,0,2,2,2,2,1
"2019-08-24T03:00:00.000-0700",0,0,0,0,0,0,0,0,1,0,1,0,0,0,0,0,0,0,0,0,0,1,1,0,0,0,0,0,0,0,0,0,0,1,0,0,0,0,0,1,1,0,0,0,0,0,0,0,0,0,0,0,0,0,0,0,0,0,1,1,1,0,0,0,0,0,0,0,0,0,0,0,0,0,0,0,0,0,0,0,0,0,0,0,0,0,0,0,1,0,0,0,1,0,0,1,0,2,2,0
"2019-08-24T04:00:00.000-0700",0,0,0,0,0,0,0,0,1,0,0,0,0,1,0,2,2,1,1,0,0,1,2,0,0,1,1,0,0,0,0,0,0,0,0,0,0,0,0,0,1,0,0,0,0,1,0,0,0,0,0,0,0,0,0,0,0,0,1,1,1,0,1,0,0,0,0,0,0,0,0,0,0,0,0,0,0,0,0,0,1,0,0,0,0,0,0,1,2,0,0,0,0,0,0,1,0,3,2,0
"2019-08-24T05:00:00.000-0700",1,1,0,0,0,0,0,0,1,0,1,0,0,0,0,1,1,1,1,0,0,1,0,0,1,0,0,0,0,0,0,0,0,0,0,0,0,0,0,1,1,0,0,0,1,1,0,0,0,0,0,0,0,0,0,0,0,0,1,1,1,0,0,0,0,0,0,0,0,0,0,0,0,0,0,0,0,0,0,0,0,1,0,0,0,0,0,0,0,0,0,0,0,0,0,1,1,1,0,0
"2019-08-24T06:00:00.000-0700",0,0,0,0,0,0,0,0,1,0,1,0,0,0,0,2,1,1,0,0,0,0,6,0,6,1,1,0,0,0,0,1,2,0,0,0,2,0,0,4,0,1,2,0,0,2,0,0,0,0,0,0,0,0,0,0,0,0,1,1,1,0,3,0,0,0,0,0,0,0,0,0,0,0,0,0,0,0,0,1,2,1,0,0,0,1,0,0,0,0,0,0,0,0,0,10,22,7,5,2
"2019-08-24T07:00:00.000-0700",8,4,0,6,7,2,0,1,1,3,4,1,0,3,2,8,12,9,2,0,2,33,67,19,52,40,8,1,1,8,14,13,20,26,2,0,25,30,1,57,15,29,18,17,4,53,1,0,0,12,1,1,1,3,3,4,1,1,1,1,8,0,7,0,0,1,1,2,1,2,1,0,0,0,5,0,0,4,0,2,37,3,1,3,0,2,3,0,3,0,0,12,11,0,0,46,109,47,26,22
"2019-08-24T08:00:00.000-0700",16,2,0,8,7,9,2,6,1,9,4,3,5,1,2,6,16,13,8,3,4,397,374,151,422,313,157,9,5,139,162,165,241,191,35,7,256,296,83,370,105,214,186,166,12,446,1,0,34,7,24,40,0,23,4,82,10,1,1,2,8,3,127,2,3,6,3,4,4,3,2,0,5,8,34,28,5,6,2,6,189,19,11,12,2,13,7,2,54,0,0,20,2,1,1,332,415,515,303,259
"2019-08-24T09:00:00.000-0700",47,6,1,11,7,28,1,19,10,9,10,4,7,7,2,14,26,20,10,3,3,200,119,65,286,122,34,16,5,56,72,45,96,76,19,3,136,157,23,214,52,134,86,70,10,207,2,0,13,7,14,15,2,16,3,33,3,0,1,1,5,0,38,3,3,4,10,11,6,21,2,0,9,10,42,13,2,6,3,6,53,19,13,13,2,12,9,3,18,2,5,9,0,1,2,161,306,186,96,120
"2019-08-24T10:00:00.000-0700",90,10,1,18,12,47,4,25,12,10,14,0,0,13,2,19,31,23,13,7,10,252,138,81,321,133,25,17,1,63,89,58,92,93,9,6,181,187,29,271,53,137,82,103,12,251,2,0,16,9,13,28,3,7,3,42,6,1,2,1,6,0,25,15,2,7,22,18,5,59,1,0,9,6,57,10,3,7,2,13,45,11,16,12,2,11,12,1,14,0,2,15,5,2,2,224,375,220,99,112
"2019-08-24T11:00:00.000-0700",131,17,6,22,14,59,3,28,15,52,18,2,2,5,3,16,23,23,13,3,5,464,186,114,397,185,43,37,3,83,121,83,143,149,33,15,144,307,74,288,64,167,125,107,20,297,6,0,4,8,33,39,6,11,3,51,1,3,2,3,9,1,27,13,11,6,9,22,11,28,9,4,24,20,65,23,13,8,12,16,89,21,21,14,4,14,13,7,10,4,5,22,4,1,1,222,357,238,111,135
"2019-08-24T12:00:00.000-0700",169,30,5,30,16,82,5,35,17,43,10,1,7,4,2,13,17,20,12,5,9,700,278,187,515,240,53,35,9,120,185,127,221,182,35,13,249,506,117,437,57,188,215,177,20,399,5,0,16,12,28,42,2,12,6,55,4,3,1,2,8,4,49,2,7,6,5,8,8,4,2,0,21,31,35,33,11,7,3,10,108,16,10,15,0,8,10,1,13,0,2,30,6,0,2,315,527,371,169,200
"2019-08-24T13:00:00.000-0700",172,28,5,43,15,74,2,21,9,10,6,1,4,2,0,8,19,17,7,6,7,359,205,96,403,159,50,54,8,82,100,66,136,118,8,6,116,252,57,189,39,49,67,62,13,275,7,0,8,20,30,33,2,14,8,62,7,3,2,3,9,3,53,6,10,2,3,7,5,6,5,2,7,11,22,17,4,8,4,8,82,11,4,13,1,9,10,5,18,1,3,38,8,0,2,186,309,226,111,133
"2019-08-24T14:00:00.000-0700",137,30,5,34,24,75,2,9,5,7,8,1,0,2,3,8,13,12,6,5,6,299,159,93,354,167,33,44,6,69,89,63,114,102,5,1,91,202,43,211,26,49,67,66,11,271,2,1,7,18,26,36,5,5,7,33,3,1,1,0,9,1,39,4,6,5,1,4,3,4,0,1,6,10,18,9,6,5,2,6,76,21,2,5,3,5,11,2,13,1,3,26,8,0,3,188,329,231,109,149
"2019-08-24T15:00:00.000-0700",118,21,4,18,21,44,1,5,3,8,14,2,4,1,4,10,16,13,6,2,10,224,118,59,307,122,31,26,10,38,64,52,76,80,6,5,83,181,35,181,29,39,51,62,9,206,1,0,6,12,27,29,3,7,8,44,2,1,1,4,5,1,30,1,3,3,2,6,2,1,0,2,11,6,18,15,6,7,2,3,52,14,1,2,2,3,7,1,12,0,3,22,6,0,1,171,298,194,89,94
"2019-08-24T16:00:00.000-0700",92,18,2,21,19,41,0,10,7,5,6,3,5,1,1,9,17,16,6,3,6,206,116,52,251,105,27,30,8,41,58,58,85,73,6,1,62,162,28,152,17,29,36,34,9,156,6,0,6,13,17,23,1,7,7,32,4,1,2,1,6,1,20,6,2,2,1,7,6,8,3,2,6,5,9,6,6,8,1,5,47,15,2,8,1,1,5,2,7,0,0,23,8,2,3,143,230,155,79,86
"2019-08-24T17:00:00.000-0700",83,24,1,23,11,35,2,3,5,5,2,0,1,1,1,5,11,10,2,4,4,225,128,65,260,109,20,29,5,45,57,60,80,70,10,3,53,174,46,169,24,26,26,29,7,176,5,1,6,12,20,22,2,4,7,24,6,1,1,3,4,0,50,6,0,3,2,8,4,9,8,4,2,2,15,4,5,7,2,3,56,22,2,20,4,7,5,13,22,1,2,14,5,1,1,151,283,191,129,98
"2019-08-24T18:00:00.000-0700",66,17,3,13,14,35,2,3,4,4,4,1,1,2,2,8,12,11,4,3,6,261,157,55,239,139,44,16,5,54,67,57,105,64,4,2,60,161,49,156,13,19,33,34,9,215,5,5,10,14,10,27,1,12,10,14,4,4,1,6,4,1,73,4,0,3,3,3,6,5,4,5,6,5,15,6,4,9,1,6,70,18,0,7,4,6,4,5,76,0,1,15,11,1,1,160,227,329,207,108
"2019-08-24T19:00:00.000-0700",44,9,0,9,10,19,1,2,1,3,0,0,0,1,0,1,4,7,2,0,6,364,347,36,176,172,126,14,7,93,98,371,601,165,6,3,39,214,66,121,11,17,26,30,3,343,6,3,10,7,10,10,0,13,6,24,11,0,1,4,6,0,421,0,0,3,3,4,1,2,3,84,4,94,13,28,2,10,1,7,150,15,3,8,2,5,5,2,617,0,2,14,4,0,1,787,202,1332,1027,94
"2019-08-24T20:00:00.000-0700",22,5,1,9,10,11,1,2,1,2,1,0,1,0,0,2,6,7,3,0,6,408,531,65,156,217,288,16,5,77,76,260,488,146,16,7,61,253,75,132,16,20,28,34,10,487,11,1,15,5,2,9,0,20,3,28,4,2,2,6,9,0,379,5,2,1,0,6,4,6,5,271,3,65,13,15,6,9,3,7,181,17,5,5,0,5,2,5,665,0,1,17,4,0,0,257,142,1522,1096,110
"2019-08-24T21:00:00.000-0700",7,1,0,4,9,1,3,3,3,5,5,0,2,0,0,9,9,12,1,3,9,153,403,28,98,225,270,9,3,88,86,163,285,127,8,1,35,85,9,110,15,13,14,19,7,444,1,1,11,13,3,2,1,8,6,12,3,1,1,3,12,0,165,3,1,3,1,2,2,1,1,53,3,15,9,19,4,5,1,0,152,1,1,1,1,1,0,1,270,0,0,18,9,1,0,163,134,1060,633,105
"2019-08-24T22:00:00.000-0700",0,0,0,0,0,0,0,0,1,2,0,1,2,0,0,0,1,2,1,0,0,5,262,7,45,78,128,1,2,27,8,51,69,25,0,0,2,2,1,29,4,2,1,2,2,180,1,0,4,0,2,0,0,4,2,5,2,1,1,2,3,0,82,0,0,1,0,0,2,2,0,34,0,16,3,5,0,1,1,0,76,1,0,0,0,1,0,0,109,0,0,2,1,0,0,64,70,545,328,38
"2019-08-24T23:00:00.000-0700",1,0,0,1,1,0,0,0,2,2,3,1,2,0,3,2,4,2,1,2,2,5,67,0,10,23,35,1,1,5,1,10,9,4,0,0,1,1,0,12,3,0,1,0,0,35,0,0,1,1,0,0,0,0,1,0,1,0,1,0,1,0,10,0,0,0,0,1,0,0,0,1,0,4,1,1,0,1,0,1,24,1,0,0,0,1,0,0,13,0,1,1,0,0,0,42,29,138,77,11
"2019-08-25T00:00:00.000-0700",0,0,0,0,0,0,1,0,1,0,0,0,0,0,0,0,0,0,0,0,0,0,9,1,5,2,2,1,1,0,0,3,2,0,0,0,0,0,0,3,0,0,0,0,0,11,0,0,1,1,0,0,0,0,0,0,0,0,1,1,1,0,3,0,0,0,0,0,0,0,0,0,0,2,0,0,0,0,0,0,4,1,0,0,0,0,0,0,3,0,0,1,0,0,0,11,11,18,10,5
"2019-08-25T01:00:00.000-0700",0,0,0,0,0,0,0,0,1,0,0,0,0,0,0,0,0,0,0,0,0,0,5,0,3,3,0,1,1,1,0,1,1,0,0,0,0,0,0,3,0,0,0,0,0,6,0,0,0,0,0,0,0,0,0,0,0,0,1,1,1,0,3,0,0,0,0,0,0,0,0,0,0,0,0,0,0,0,0,0,2,0,0,0,0,0,0,0,0,0,0,0,0,0,0,9,6,13,12,1
"2019-08-25T02:00:00.000-0700",0,0,0,0,0,0,0,0,1,0,0,0,0,0,0,0,0,0,0,0,0,0,5,0,0,0,0,0,0,0,0,1,0,0,0,0,0,0,0,1,1,0,0,0,0,0,0,0,0,0,1,1,0,0,0,0,0,0,2,1,1,0,1,0,0,0,0,0,0,0,0,0,0,0,0,0,0,0,0,0,3,0,0,0,0,0,0,0,1,0,0,0,0,0,0,8,2,2,4,0
"2019-08-25T03:00:00.000-0700",0,0,0,0,0,0,0,0,1,0,0,0,0,0,0,0,0,0,0,0,0,0,0,0,0,0,0,0,0,0,0,0,0,0,0,0,0,0,0,0,0,0,0,0,0,0,0,0,0,0,0,0,0,0,0,0,0,0,1,1,1,0,0,0,0,0,0,0,0,0,0,0,0,0,0,0,0,0,0,0,0,0,0,0,0,0,0,0,0,0,0,0,1,0,0,1,2,0,0,0
"2019-08-25T04:00:00.000-0700",0,0,0,0,0,0,0,0,1,0,0,0,0,0,0,0,0,1,1,0,0,0,0,0,0,0,0,0,0,0,0,0,0,0,0,0,0,0,0,0,0,0,0,0,0,0,0,0,0,0,0,0,0,0,0,0,0,0,1,1,1,0,0,0,0,0,0,0,0,0,0,0,0,0,0,0,0,0,0,0,0,0,0,0,0,0,0,0,0,0,0,0,0,0,0,3,1,1,1,0
"2019-08-25T05:00:00.000-0700",0,0,0,0,0,0,0,0,1,0,0,0,0,0,0,0,0,0,0,0,0,0,1,0,0,0,0,0,0,0,0,0,0,0,0,0,0,0,0,0,0,0,0,0,0,0,0,0,0,0,0,0,0,0,0,0,0,0,1,1,1,0,0,0,0,0,0,0,0,0,0,0,0,0,0,0,0,0,0,0,0,0,0,0,0,0,0,1,0,0,0,0,0,0,0,0,2,0,0,0
"2019-08-25T06:00:00.000-0700",0,0,0,0,0,0,0,0,1,1,3,0,0,0,1,2,8,6,0,0,0,2,6,0,3,0,1,0,0,0,0,0,0,0,0,0,0,0,0,2,6,6,1,0,1,4,0,0,0,0,0,0,0,0,0,1,0,0,1,1,1,0,1,0,0,0,0,0,0,0,0,0,0,0,1,0,0,0,0,0,4,0,0,0,0,0,0,0,2,0,0,0,0,0,0,18,12,6,9,3
"2019-08-25T07:00:00.000-0700",6,2,0,4,5,3,0,0,1,1,9,0,0,1,2,6,10,7,4,1,2,2,19,7,31,15,4,1,1,3,2,4,4,3,1,0,8,2,0,22,9,13,10,6,4,24,1,0,3,15,1,2,0,1,1,3,2,0,1,1,11,0,5,0,0,1,0,1,1,1,1,0,0,2,1,1,0,0,0,1,12,0,0,0,0,1,3,2,3,0,0,13,9,0,0,40,50,31,20,13
"2019-08-25T08:00:00.000-0700",22,8,1,9,8,7,1,3,2,4,8,1,2,3,2,6,16,11,6,3,6,44,88,10,105,50,15,2,2,13,22,18,42,25,5,1,44,32,0,53,31,45,27,11,3,68,3,0,1,9,3,6,0,5,5,7,2,0,1,3,4,1,18,0,3,1,0,4,2,2,2,0,2,2,10,6,1,2,1,9,42,4,1,10,1,7,7,2,6,0,0,9,4,0,1,183,105,91,68,30
"2019-08-25T09:00:00.000-0700",55,12,1,15,12,30,0,4,1,6,3,1,2,1,1,9,16,17,9,2,5,72,71,15,116,64,13,5,1,26,38,28,51,35,6,19,63,55,5,65,20,61,32,13,5,86,3,0,5,8,2,8,2,7,5,13,1,3,2,3,6,1,18,0,0,1,0,6,3,2,2,1,1,3,3,4,3,3,0,1,37,3,3,2,2,2,2,2,5,0,1,9,7,0,1,127,101,101,63,38
"2019-08-25T10:00:00.000-0700",80,14,5,19,15,50,0,9,3,5,4,1,3,2,2,5,18,12,5,3,3,150,97,32,177,71,9,13,10,39,62,32,68,60,8,37,94,93,13,126,35,83,55,28,11,121,3,1,4,9,5,12,3,5,7,27,5,4,3,3,4,1,18,0,0,3,0,7,3,2,1,0,3,5,10,5,1,3,3,2,44,6,3,3,3,5,2,4,7,0,1,12,6,0,2,142,143,129,80,72
"2019-08-25T11:00:00.000-0700",159,23,1,31,16,106,2,5,7,3,2,1,3,0,1,4,12,12,4,3,5,283,159,60,327,117,30,17,6,54,93,49,105,83,16,40,110,185,38,175,39,92,76,49,13,217,4,0,8,12,11,32,0,8,2,31,2,0,1,0,5,0,34,0,2,2,0,7,0,0,1,1,7,10,14,13,7,1,2,2,56,6,1,2,2,4,4,2,10,1,4,32,5,1,2,178,227,209,107,107
"2019-08-25T12:00:00.000-0700",222,24,6,40,15,160,3,11,11,5,7,2,6,1,3,8,21,16,5,4,11,433,179,107,433,160,42,20,8,78,130,107,156,128,16,13,128,257,75,210,33,106,85,48,7,290,6,0,9,13,21,44,2,16,5,50,4,2,1,5,8,1,42,0,1,3,0,7,2,1,2,2,12,8,22,15,3,2,0,5,88,16,2,5,11,15,6,3,15,0,5,21,6,1,12,240,288,250,137,138
"2019-08-25T13:00:00.000-0700",216,31,7,46,18,128,3,25,12,2,5,2,5,1,1,2,11,6,4,1,2,448,225,113,510,223,49,22,7,96,149,78,169,164,23,10,108,284,89,269,35,67,96,68,6,399,4,0,14,15,30,53,1,17,21,65,11,4,2,4,12,4,36,13,9,22,32,13,19,58,13,3,11,10,135,15,5,4,2,22,123,27,6,30,17,24,11,16,25,0,5,28,7,0,28,291,395,268,138,196
"2019-08-25T14:00:00.000-0700",226,29,5,47,26,110,2,12,13,15,11,0,2,0,5,11,15,11,3,2,0,405,220,102,546,236,55,19,6,122,143,68,151,154,15,11,119,234,65,310,41,52,81,66,8,455,4,0,16,20,34,70,3,17,24,132,7,2,3,10,13,6,34,123,26,121,145,68,119,272,100,4,22,17,304,20,4,15,7,6,104,33,1,23,9,17,16,125,31,0,10,40,12,8,8,311,466,361,156,230
"2019-08-25T15:00:00.000-0700",233,37,10,42,24,111,5,19,16,23,15,3,4,0,7,12,17,10,3,2,2,288,193,76,467,191,26,16,5,75,100,74,118,118,13,7,72,173,48,236,32,54,56,45,9,277,3,3,6,17,35,82,5,15,10,62,10,2,3,8,14,7,42,123,36,94,83,57,96,199,245,5,14,15,131,19,5,11,3,9,88,16,1,7,8,14,12,125,28,1,8,25,11,4,8,226,317,262,126,174
"2019-08-25T16:00:00.000-0700",237,37,10,41,19,134,0,8,9,35,8,0,6,0,1,11,10,10,5,9,5,293,191,93,459,193,50,24,8,87,102,64,109,109,12,11,56,164,42,294,29,50,60,40,6,406,3,0,11,20,19,67,6,22,12,72,3,2,1,10,13,2,53,45,33,60,46,11,32,145,117,5,10,15,210,16,3,3,4,7,81,25,9,13,10,9,7,21,19,4,5,30,14,0,6,244,388,247,137,175
"2019-08-25T17:00:00.000-0700",62,14,0,22,20,35,1,8,5,22,4,2,3,1,2,9,10,9,3,4,3,111,87,34,150,60,11,13,20,39,40,35,46,55,1,0,26,67,22,103,14,17,16,11,5,105,4,3,5,14,7,10,2,2,7,16,0,2,4,7,11,0,5,0,3,3,0,4,3,3,3,2,4,3,6,8,4,1,0,8,43,12,2,11,1,10,10,3,4,0,1,17,12,1,3,117,142,92,45,52
"2019-08-25T18:00:00.000-0700",75,15,1,11,13,36,0,3,3,4,1,0,0,0,0,0,2,2,0,1,1,177,242,39,155,74,44,9,4,31,42,43,71,52,2,1,27,114,43,95,13,9,13,14,2,136,15,1,10,9,7,18,2,28,7,25,9,9,4,27,4,0,34,1,7,3,3,3,2,3,3,2,7,6,4,10,1,0,1,1,133,12,1,6,2,6,10,4,23,0,1,18,4,0,3,198,163,244,168,61
"2019-08-25T19:00:00.000-0700",42,9,1,12,13,24,0,3,3,1,0,0,1,0,0,1,1,2,1,2,3,261,185,35,134,82,22,10,6,48,77,64,116,57,5,5,25,149,48,98,18,17,12,14,3,151,21,0,7,5,4,8,4,23,12,18,9,19,6,21,3,0,37,2,3,3,1,5,1,2,2,1,3,5,12,9,0,1,4,16,108,23,1,26,0,16,13,6,15,0,1,7,3,0,2,187,149,212,122,66
"2019-08-25T20:00:00.000-0700",32,3,1,10,11,11,0,3,2,1,3,0,0,1,0,3,4,3,2,3,3,152,146,21,111,60,28,12,6,28,40,46,88,49,3,2,14,85,35,92,7,8,5,3,0,94,23,0,12,8,5,11,1,30,9,9,7,21,3,19,4,1,38,2,3,0,1,3,0,3,3,1,0,0,10,2,0,0,1,3,41,14,2,17,1,9,7,4,21,0,1,7,5,0,1,189,160,201,120,48
"2019-08-25T21:00:00.000-0700",11,1,0,6,10,8,0,0,2,5,2,0,0,1,2,2,6,6,2,4,3,30,89,8,46,30,21,5,1,8,7,16,22,20,0,1,7,14,4,35,12,7,4,4,4,45,3,2,3,16,0,1,1,3,10,4,2,2,3,7,12,0,8,1,2,0,0,2,1,3,2,0,2,5,6,4,1,1,2,3,26,5,0,6,0,3,6,1,10,0,0,13,18,0,2,108,97,101,69,19
"2019-08-25T22:00:00.000-0700",0,0,0,0,0,0,0,0,1,3,3,0,0,0,3,0,2,3,0,3,3,2,31,2,14,8,4,0,0,2,0,9,6,1,0,1,1,2,1,12,3,2,1,0,2,12,0,0,1,0,0,1,0,1,1,2,4,0,1,1,2,1,11,1,0,0,0,2,0,1,2,0,2,1,3,0,2,0,1,3,15,4,1,5,1,2,7,3,6,1,1,1,1,2,2,49,32,36,33,8
"2019-08-25T23:00:00.000-0700",0,0,0,0,0,0,0,0,1,2,2,0,1,1,1,2,2,2,1,1,1,2,6,1,3,2,1,0,0,0,0,2,4,0,0,0,1,1,2,1,1,1,2,1,0,2,0,0,0,1,0,0,0,1,0,0,0,0,1,1,1,0,3,0,0,0,0,0,0,0,0,0,0,0,0,0,0,0,0,0,2,1,0,1,0,0,0,0,1,0,0,0,0,0,0,19,8,9,2,0
"2019-08-26T00:00:00.000-0700",0,0,0,0,0,0,1,0,1,0,1,0,0,0,0,0,1,2,0,0,0,0,4,0,3,0,1,1,0,0,0,0,0,0,0,0,0,0,0,2,0,0,0,0,0,2,0,0,0,0,0,0,0,0,0,0,0,0,1,1,1,0,1,0,0,0,0,0,0,0,0,0,0,0,0,0,0,0,0,0,1,1,0,0,0,0,0,0,0,0,0,1,0,0,0,7,6,6,5,0
"2019-08-26T01:00:00.000-0700",0,0,0,0,0,0,0,0,1,0,0,0,0,0,0,0,1,0,1,0,0,1,3,0,0,0,0,0,0,0,0,0,0,0,0,0,0,0,0,1,0,0,1,0,0,1,0,0,0,0,0,0,0,0,0,0,0,1,1,1,1,0,0,0,0,0,0,0,0,0,0,0,0,0,0,0,0,0,0,0,3,0,0,0,0,0,0,0,0,0,0,0,0,0,0,3,5,2,2,1
"2019-08-26T02:00:00.000-0700",0,0,0,0,0,0,0,0,1,0,0,0,0,0,0,1,1,1,1,1,0,0,0,0,0,0,0,0,0,0,0,0,0,0,0,0,0,0,0,1,1,0,0,0,0,1,0,0,0,1,0,0,0,0,0,0,0,0,1,1,1,0,0,0,0,0,0,0,0,0,0,0,0,0,0,0,0,0,0,0,0,0,0,0,0,0,0,0,0,0,0,0,0,0,0,0,1,0,0,0
"2019-08-26T03:00:00.000-0700",0,0,0,0,0,0,0,0,1,0,0,0,0,1,0,1,0,2,1,1,1,0,0,0,1,0,0,0,1,0,0,0,0,0,0,0,1,0,0,2,1,0,0,0,1,0,0,0,0,0,0,0,0,0,0,0,0,0,1,1,1,0,0,0,0,0,0,0,0,0,0,0,0,0,0,0,0,0,0,0,0,0,0,0,0,0,0,0,0,0,0,0,0,0,0,0,1,0,0,0
"2019-08-26T04:00:00.000-0700",0,0,0,0,0,0,0,0,1,0,1,1,1,2,0,2,4,1,2,1,1,1,0,0,1,0,0,0,0,0,0,2,0,3,0,0,0,0,0,0,1,0,0,0,0,1,0,0,0,0,0,1,0,0,0,0,0,0,1,1,1,0,1,0,0,0,0,0,0,0,0,0,0,0,0,0,0,0,0,0,0,0,0,0,1,0,0,0,0,0,0,0,1,0,0,0,1,1,0,0
"2019-08-26T05:00:00.000-0700",0,0,0,0,0,0,0,1,2,2,2,2,1,3,0,3,5,5,1,3,5,2,12,0,8,4,4,0,0,1,3,5,4,6,0,0,1,1,1,2,7,3,0,0,1,6,0,0,0,0,0,0,0,0,1,0,0,0,1,1,2,0,2,0,0,0,0,0,0,0,0,0,0,0,0,0,1,0,0,0,5,0,0,1,0,0,0,0,0,0,0,0,0,0,0,20,11,14,10,2
"2019-08-26T06:00:00.000-0700",0,0,0,1,1,1,0,4,1,1,11,0,1,12,1,16,24,19,8,3,7,13,29,2,16,14,4,1,1,6,9,9,11,12,0,0,14,9,0,21,19,16,9,5,4,15,0,1,1,1,0,0,0,1,0,0,1,0,1,1,6,0,5,0,0,1,0,0,0,0,0,0,1,1,1,2,3,0,0,0,10,2,0,0,0,1,0,0,2,0,0,3,2,0,0,56,49,29,18,9
"2019-08-26T07:00:00.000-0700",49,11,0,18,15,24,2,24,11,9,22,3,7,9,2,33,32,25,10,4,8,131,243,45,200,117,55,8,60,61,101,95,122,143,10,5,77,110,11,148,88,86,48,28,18,212,7,1,10,31,8,15,7,15,13,20,10,3,1,6,22,2,25,0,1,0,0,5,1,2,0,3,3,5,15,15,21,4,2,4,115,18,8,5,12,16,5,4,20,1,2,27,27,1,4,522,336,277,191,90
"2019-08-26T08:00:00.000-0700",194,28,7,42,21,95,9,79,29,29,45,11,19,18,7,34,36,33,12,7,14,345,652,110,609,432,145,22,132,194,304,288,357,353,18,10,164,272,44,400,138,149,102,109,17,591,16,2,17,24,34,65,11,17,20,76,32,7,1,8,20,4,133,0,5,8,1,18,2,0,0,3,17,20,32,37,40,7,3,11,305,32,12,14,16,27,16,6,66,0,3,35,26,0,6,1056,705,849,525,308
"2019-08-26T09:00:00.000-0700",459,55,21,74,28,277,16,122,55,44,55,13,36,15,4,35,39,24,12,8,14,835,1084,321,1283,816,273,36,262,421,600,478,624,662,100,238,356,702,112,790,226,301,296,258,33,1244,31,15,47,42,67,142,17,43,24,210,48,19,4,22,20,10,252,1,12,9,15,48,1,3,5,11,45,63,95,82,94,8,13,18,497,91,36,29,31,51,17,21,112,0,14,63,42,0,17,1466,1115,1476,840,574
"2019-08-26T10:00:00.000-0700",678,75,18,107,34,404,29,157,103,50,66,24,45,16,6,45,43,32,12,8,9,1415,1325,439,1744,1057,388,63,351,625,870,618,939,885,169,447,545,1083,202,989,264,442,408,362,58,1714,51,20,75,39,92,208,28,76,51,298,76,28,15,41,27,18,292,4,37,13,35,104,3,6,4,13,84,95,165,163,223,12,26,30,605,149,55,57,55,85,29,28,176,1,34,117,53,0,12,1591,1409,1921,957,764
"2019-08-26T11:00:00.000-0700",704,87,22,151,46,402,29,194,109,79,66,23,45,18,12,44,42,40,11,14,11,1803,1401,666,1896,1148,390,45,324,718,960,732,1065,1141,162,262,602,1290,360,1126,318,490,504,369,61,1948,57,23,95,52,105,200,29,126,52,278,51,45,12,32,18,18,371,3,44,19,18,172,16,3,2,18,102,175,146,245,376,6,20,37,703,275,83,61,55,195,29,50,205,4,83,105,46,3,12,1540,1483,2014,1026,747
"2019-08-26T12:00:00.000-0700",731,84,21,137,49,448,23,177,113,57,78,25,39,17,8,38,40,37,16,19,19,1955,1484,666,2004,1244,515,60,323,745,1039,814,1172,1247,196,146,605,1281,385,1267,354,507,523,446,92,2038,77,16,105,62,125,206,26,152,50,316,64,46,11,48,23,28,390,2,64,35,38,258,14,1,3,31,139,235,218,349,521,10,39,41,718,239,78,45,43,129,45,57,234,2,110,128,59,0,28,1916,1568,2246,1128,779
"2019-08-26T13:00:00.000-0700",750,110,21,125,48,454,36,183,101,76,75,21,38,17,7,54,49,35,14,16,22,1624,1270,529,1817,1027,459,41,70,610,904,716,1019,1071,138,289,468,1109,287,1192,232,380,391,338,74,1796,58,14,85,55,107,214,31,88,41,302,49,40,8,42,31,22,298,1,35,27,39,139,12,6,3,18,87,137,195,212,329,14,31,34,633,155,50,61,33,70,30,31,195,3,35,122,45,1,15,1821,1370,2012,1051,715
"2019-08-26T14:00:00.000-0700",586,60,16,90,46,343,30,134,86,50,67,15,31,9,8,55,52,38,12,19,19,952,943,344,1438,773,317,34,17,403,598,383,692,724,79,226,302,721,165,929,188,236,251,251,43,1240,47,19,61,53,70,162,24,59,38,420,28,28,6,36,30,8,243,1,20,9,10,88,6,3,4,13,50,86,129,139,197,13,19,21,459,110,45,35,30,57,23,23,90,3,22,97,43,2,9,1294,1123,1310,710,598
"2019-08-26T15:00:00.000-0700",632,93,11,113,48,338,21,138,85,48,60,22,33,8,9,50,42,26,7,16,14,899,809,306,1261,702,204,42,241,370,488,334,553,569,80,367,268,643,155,764,149,183,188,227,64,942,46,25,47,48,96,128,22,37,45,460,37,22,6,34,27,11,158,1,14,16,7,56,1,3,2,9,36,79,156,91,130,4,37,18,352,70,31,33,24,39,14,24,75,1,13,89,51,0,6,1119,1075,1084,562,566
"2019-08-26T16:00:00.000-0700",401,63,9,74,45,231,12,95,56,32,49,12,23,2,6,35,38,38,7,11,10,633,570,216,1017,472,156,27,70,264,389,250,391,430,46,180,180,457,111,643,162,170,151,158,64,940,43,9,51,43,48,80,19,49,49,353,29,22,4,21,30,23,140,4,18,82,73,79,30,11,4,22,61,93,295,75,99,20,30,17,274,76,19,32,15,37,14,18,49,2,8,67,42,8,9,920,1155,756,434,386
"2019-08-26T17:00:00.000-0700",256,53,6,52,36,138,11,41,27,24,27,7,13,3,3,27,24,23,6,11,10,438,458,161,710,376,117,24,13,159,220,169,225,270,12,11,117,318,80,470,106,77,77,95,30,660,20,2,32,32,43,46,11,26,25,214,23,6,5,16,20,9,102,116,72,100,89,96,55,249,186,35,25,97,261,88,77,22,15,9,228,48,16,28,9,20,14,83,38,1,6,44,21,21,5,802,876,620,343,315
"2019-08-26T18:00:00.000-0700",186,39,1,42,22,87,4,20,8,18,14,2,5,1,2,15,22,23,3,11,17,419,327,103,499,278,99,17,12,113,172,111,206,190,10,9,76,313,69,333,82,40,42,56,26,440,18,0,13,21,21,32,1,14,20,146,13,5,2,20,16,16,78,125,55,8,5,39,10,264,193,14,33,55,247,45,70,16,15,3,135,11,13,17,2,5,6,83,60,1,10,29,14,5,1,515,723,554,265,214
"2019-08-26T19:00:00.000-0700",93,21,0,24,19,51,6,12,8,13,7,3,6,2,1,19,26,24,4,14,21,292,223,81,294,182,65,3,5,63,97,60,157,117,10,7,50,240,58,238,35,26,28,29,20,313,12,0,8,14,14,14,2,18,14,79,8,7,3,22,11,2,62,1,4,1,1,24,2,4,7,8,7,19,29,30,48,12,2,1,95,9,6,15,1,6,0,7,63,1,11,12,11,2,1,349,401,445,236,114
"2019-08-26T20:00:00.000-0700",32,9,1,18,19,21,2,8,6,4,13,0,3,2,0,14,12,11,2,9,6,137,103,34,131,82,25,9,6,28,39,36,73,38,0,1,20,106,24,130,15,15,10,15,5,124,5,1,11,13,5,8,1,9,11,41,3,5,5,5,12,0,42,1,0,3,1,9,1,1,0,9,4,5,14,3,9,2,0,0,39,5,0,8,0,1,2,0,31,0,3,16,8,0,0,195,178,186,101,65
"2019-08-26T21:00:00.000-0700",18,3,0,10,12,8,2,2,3,6,5,0,2,0,1,9,11,9,1,3,1,55,56,9,53,27,12,7,3,14,11,14,26,20,3,3,12,34,14,52,19,7,2,7,8,56,5,1,5,14,2,2,2,9,12,19,0,4,2,3,17,0,12,0,1,0,0,3,0,1,1,0,3,4,10,8,0,1,1,0,22,2,1,1,0,1,1,0,9,0,0,10,12,0,0,97,134,91,43,22
"2019-08-26T22:00:00.000-0700",3,1,0,1,2,0,0,1,2,2,1,1,1,0,0,2,4,2,0,1,1,4,25,3,15,10,4,1,1,1,1,2,3,2,0,0,2,3,1,17,5,2,1,1,0,16,1,2,0,4,1,1,0,2,2,5,1,1,1,1,6,0,4,0,0,0,0,0,0,1,0,0,0,0,1,0,0,1,0,0,13,1,1,0,0,0,0,0,3,0,0,2,3,0,0,46,43,37,18,7
"2019-08-26T23:00:00.000-0700",1,0,0,1,1,0,0,1,3,0,1,1,0,0,1,1,1,0,0,1,1,1,15,1,10,5,1,1,1,0,0,3,2,0,0,0,1,0,0,9,1,0,0,2,0,7,0,0,1,1,0,1,0,0,1,4,0,0,1,1,3,0,2,0,0,0,0,0,0,0,0,0,0,0,0,0,0,0,0,1,10,1,0,0,0,0,1,0,1,0,0,1,2,0,0,18,19,18,13,3
"2019-08-27T00:00:00.000-0700",1,0,0,1,0,1,1,0,2,0,0,0,0,0,0,0,0,0,0,0,0,0,8,0,5,3,2,1,1,0,2,2,1,1,0,0,0,0,0,2,0,0,0,1,0,4,0,0,1,0,0,0,0,1,1,2,0,0,1,2,3,0,2,0,0,0,0,0,0,0,0,0,0,0,0,0,0,0,0,0,4,0,0,0,0,0,0,1,2,0,0,1,1,0,0,30,25,17,15,3
"2019-08-27T01:00:00.000-0700",0,0,0,0,0,0,0,0,2,0,0,0,0,0,0,0,0,0,0,0,0,0,1,0,1,1,0,0,0,1,0,0,0,0,0,0,0,0,0,2,0,0,0,1,0,1,0,0,0,0,0,0,0,0,0,0,0,0,1,1,3,0,1,0,0,0,0,0,0,0,0,0,0,0,0,0,0,0,0,1,1,0,0,0,0,0,0,0,0,0,0,1,0,0,0,6,8,4,2,0
"2019-08-27T02:00:00.000-0700",0,0,0,0,0,0,0,0,2,0,0,0,0,0,0,0,1,1,1,0,0,1,0,0,1,1,0,0,0,0,0,0,1,0,0,0,0,0,0,1,1,1,0,1,0,1,0,0,0,1,0,0,0,0,1,0,0,0,1,1,1,0,0,0,0,0,0,0,0,0,0,0,0,0,0,0,0,0,0,0,0,0,0,0,0,0,0,0,0,0,0,0,0,0,0,1,1,2,3,1
"2019-08-27T03:00:00.000-0700",0,0,0,0,0,0,0,0,2,0,0,1,1,1,0,1,2,2,1,0,1,1,0,0,0,0,0,0,0,0,0,0,0,1,0,0,2,0,0,1,2,0,0,1,1,1,0,0,0,0,0,0,0,0,0,0,0,0,1,1,1,0,0,0,0,0,0,0,0,0,0,0,0,0,0,0,0,0,0,0,0,0,0,0,0,0,0,0,0,0,0,0,0,0,0,0,3,1,0,0
"2019-08-27T04:00:00.000-0700",0,0,0,0,0,0,0,0,2,1,0,0,0,1,0,0,4,3,3,1,1,1,0,0,0,0,0,0,0,0,0,1,0,0,0,0,0,0,0,1,0,0,0,1,0,0,0,0,0,0,0,0,0,0,0,0,0,1,2,1,1,0,0,0,0,0,0,0,0,0,0,0,0,0,0,0,0,0,0,0,0,1,0,0,0,0,0,0,0,0,0,0,0,0,0,1,1,0,0,0
"2019-08-27T05:00:00.000-0700",0,0,0,0,0,0,0,1,3,2,3,1,2,2,0,5,9,6,4,1,3,1,7,1,2,0,0,0,0,0,2,3,2,5,0,0,2,0,0,1,2,4,2,1,0,1,0,0,0,0,0,1,0,0,1,0,0,0,2,0,1,0,0,0,0,0,0,0,0,0,0,0,0,0,0,0,2,0,0,0,5,0,0,0,0,0,0,0,0,0,0,0,0,0,0,8,11,7,3,0
"2019-08-27T06:00:00.000-0700",3,3,0,2,2,2,0,2,2,2,8,2,2,5,0,16,22,16,8,3,5,12,23,1,13,14,1,3,2,10,12,7,9,10,0,0,14,5,1,16,19,13,10,7,7,20,0,1,1,1,1,1,0,2,0,1,2,0,2,1,3,2,7,0,1,0,0,2,0,0,0,0,3,4,2,2,3,3,0,0,15,1,0,0,4,0,1,1,5,0,0,5,1,0,0,50,49,29,17,8
"2019-08-27T07:00:00.000-0700",50,9,0,15,15,32,0,16,6,8,15,6,6,9,2,22,35,22,13,7,6,143,401,62,243,195,73,9,82,85,132,134,206,172,12,2,103,112,15,243,106,106,68,49,10,345,13,1,8,39,10,9,8,10,11,80,17,6,1,9,24,3,70,0,1,0,0,9,0,1,0,3,5,6,19,12,21,1,1,3,189,14,5,4,4,8,19,3,34,1,1,29,29,0,5,783,482,525,317,127
"2019-08-27T08:00:00.000-0700",148,24,3,36,19,107,3,34,19,10,18,3,6,4,5,21,31,23,12,11,11,285,305,99,464,272,98,16,132,140,209,154,239,233,14,8,146,222,36,298,103,138,124,91,14,427,16,4,18,34,24,36,11,24,20,166,19,12,4,11,17,5,67,0,7,3,0,25,0,2,0,2,15,21,40,25,49,6,3,8,209,32,14,15,16,23,13,14,29,0,6,22,25,0,9,685,559,451,277,205
"2019-08-27T09:00:00.000-0700",396,44,5,72,32,250,14,66,30,34,36,9,11,15,4,33,51,29,15,10,12,742,1074,299,1023,758,270,28,266,387,542,437,637,622,72,201,311,664,126,741,200,297,282,230,29,1126,36,8,38,48,69,87,26,51,38,442,53,25,4,15,27,16,234,1,17,5,3,88,3,2,1,13,39,49,93,77,113,6,13,11,512,66,40,22,23,38,19,22,124,3,12,36,42,2,10,1683,1180,1431,801,517
"2019-08-27T10:00:00.000-0700",586,60,8,97,40,364,32,130,65,66,68,16,29,10,9,49,52,32,15,16,14,1405,1222,492,1462,985,338,39,366,596,792,650,856,959,143,410,502,967,219,1072,278,439,413,377,60,1478,53,14,72,48,94,102,21,86,50,566,62,30,9,32,31,16,263,0,35,9,5,143,3,2,4,17,61,89,133,156,213,14,24,25,631,106,47,41,30,71,24,24,153,5,34,46,47,0,11,1740,1434,1831,968,703
"2019-08-27T11:00:00.000-0700",485,47,14,84,30,289,26,102,67,41,44,14,26,13,3,28,38,29,12,12,11,1304,941,451,1255,790,292,38,222,435,653,537,749,774,97,292,420,897,264,838,238,367,390,352,81,1180,50,9,70,36,89,97,23,89,44,491,41,43,6,21,31,11,216,6,33,14,8,213,4,5,6,19,74,119,134,177,325,7,40,21,419,96,47,28,32,45,21,18,132,4,33,62,36,0,15,1058,1020,1280,601,613
"2019-08-27T12:00:00.000-0700",683,91,13,124,49,439,36,146,103,57,59,17,35,15,5,42,37,33,15,19,9,2054,1504,673,1908,1296,435,41,178,786,1137,860,1319,1287,217,570,681,1372,420,1397,406,557,550,526,118,1881,68,13,98,53,121,145,31,132,58,662,63,38,5,37,44,22,307,2,56,17,11,346,7,1,5,28,132,223,243,299,518,10,65,36,661,141,60,53,27,67,32,36,220,0,56,77,46,0,10,1888,1835,2368,1105,946
"2019-08-27T13:00:00.000-0700",681,63,12,109,42,415,37,137,102,52,62,14,28,13,3,44,48,35,10,24,9,1749,1548,540,1799,1258,442,53,263,657,958,702,1220,1234,175,507,560,1215,322,1293,313,470,455,407,85,1854,60,10,79,63,100,153,36,108,53,681,64,42,13,32,46,29,278,1,44,16,6,246,4,1,1,24,107,160,220,257,366,4,48,27,652,138,67,52,28,66,29,24,196,2,35,63,59,1,15,1889,1827,2070,1026,917
"2019-08-27T14:00:00.000-0700",461,55,13,79,45,297,30,112,84,49,56,16,21,6,6,35,42,35,15,21,10,1003,763,324,1131,646,196,31,24,304,495,370,523,600,100,232,315,691,162,722,168,255,302,277,49,1011,34,9,56,46,70,102,29,61,31,447,23,30,8,20,21,9,127,0,6,13,8,129,5,0,0,13,48,71,122,127,214,7,34,17,328,93,54,29,25,57,34,18,77,1,12,65,37,0,14,964,952,913,446,473
"2019-08-27T15:00:00.000-0700",589,82,16,121,42,359,25,117,80,53,57,22,31,9,6,32,44,26,13,17,8,1053,1216,394,1505,932,260,44,326,477,686,505,711,800,103,265,341,806,184,1007,205,263,284,286,54,1388,54,6,67,58,69,114,29,65,49,598,44,41,11,34,41,5,200,0,18,5,11,130,4,1,0,32,66,92,155,135,174,3,38,27,587,123,53,49,25,67,37,25,102,1,20,122,53,0,14,1582,1540,1436,679,668
"2019-08-27T16:00:00.000-0700",504,73,17,109,46,310,13,68,56,29,35,21,21,6,2,38,43,32,12,9,8,757,861,259,1153,631,238,32,33,275,416,294,539,491,76,248,202,573,97,718,143,174,176,176,57,1100,33,6,53,36,76,110,22,43,33,432,27,34,7,24,40,3,153,8,19,25,35,80,4,48,16,27,39,36,208,63,107,8,44,27,393,93,34,46,20,49,39,30,116,3,15,86,33,3,23,1265,1211,1180,682,506
"2019-08-27T17:00:00.000-0700",304,57,3,56,25,191,2,22,18,18,14,7,12,0,1,15,15,16,5,3,6,476,496,165,757,387,134,24,15,172,245,191,292,327,16,9,130,368,84,504,111,97,88,100,27,714,28,4,36,27,43,61,20,36,29,261,21,22,7,16,29,12,104,122,65,84,173,139,60,388,160,21,51,48,459,48,88,6,31,14,222,49,16,32,11,26,21,119,29,5,8,61,24,20,3,737,1017,663,354,316
"2019-08-27T18:00:00.000-0700",218,28,5,38,27,122,2,10,8,16,15,6,6,2,3,14,19,14,4,9,4,438,394,142,521,305,111,11,18,140,184,154,255,227,15,6,86,357,82,374,59,45,57,61,24,516,11,2,21,26,29,48,6,36,17,206,26,8,7,5,25,24,74,250,74,142,209,356,116,519,308,7,35,43,399,49,89,58,28,3,168,25,14,22,1,7,10,176,36,5,9,51,18,59,1,597,711,494,263,269
"2019-08-27T19:00:00.000-0700",85,12,1,19,16,49,2,8,8,7,9,2,1,1,2,10,14,17,6,10,11,314,238,92,297,149,62,7,6,88,103,87,160,158,12,2,45,259,60,225,39,35,27,35,15,367,32,0,16,12,9,12,10,28,15,82,4,6,9,23,9,10,57,108,52,88,119,112,49,294,140,4,15,28,293,22,57,19,17,6,91,25,7,16,0,7,5,114,30,6,0,22,10,11,1,379,489,381,200,144
"2019-08-27T20:00:00.000-0700",31,10,2,13,16,15,1,9,2,8,17,3,9,2,3,18,20,13,2,5,7,159,120,45,128,83,24,10,6,32,43,36,73,51,5,2,27,126,20,118,32,9,14,13,10,138,24,0,16,8,5,6,4,21,7,38,3,4,2,27,11,1,22,1,1,4,1,12,1,12,2,0,2,5,52,5,16,4,5,1,48,13,8,3,2,5,0,3,10,2,2,21,7,0,1,197,221,169,94,73
"2019-08-27T21:00:00.000-0700",13,4,0,4,10,5,2,9,5,1,4,3,3,0,2,9,14,10,1,6,3,49,57,13,67,35,13,8,1,20,17,20,32,26,1,0,10,28,4,51,21,5,7,8,3,65,3,0,12,12,2,0,3,10,6,13,5,2,1,6,20,0,12,1,3,4,2,6,3,3,2,0,1,4,10,3,3,2,2,0,21,0,3,0,0,4,3,2,6,0,0,20,11,1,0,104,164,94,54,28
"2019-08-27T22:00:00.000-0700",0,0,0,0,0,0,0,0,2,3,2,0,0,1,3,3,5,3,2,2,1,6,25,0,8,7,7,0,0,2,0,6,3,2,0,1,3,1,0,11,7,4,2,4,2,14,0,0,0,0,0,1,0,1,1,1,1,0,1,0,4,0,7,1,2,1,0,1,1,1,1,0,0,0,3,0,2,1,1,0,8,1,0,1,0,0,0,2,3,1,1,1,0,2,0,51,40,35,23,6
"2019-08-27T23:00:00.000-0700",0,0,0,0,0,0,0,1,3,2,2,1,1,0,2,1,1,2,0,0,0,0,25,1,12,10,3,1,0,4,1,3,6,0,0,0,0,1,0,6,3,0,0,1,0,9,0,0,1,1,1,1,0,1,0,4,0,0,2,0,4,0,4,0,0,0,0,0,0,0,0,0,0,0,0,0,0,0,1,0,10,0,0,1,0,1,0,2,1,0,0,0,0,0,0,29,38,18,14,6
"2019-08-28T00:00:00.000-0700",1,1,0,0,1,1,1,0,2,0,0,0,0,0,0,0,0,0,0,0,0,0,11,0,8,8,2,1,2,1,0,4,7,1,0,0,0,0,0,11,1,0,0,1,0,12,0,0,0,2,1,0,1,2,2,3,0,0,2,0,3,0,2,0,0,0,0,0,0,0,0,0,0,0,1,0,0,0,1,0,4,0,0,1,0,0,1,2,4,0,0,1,0,0,0,46,46,28,22,6
"2019-08-28T01:00:00.000-0700",1,0,0,0,0,0,0,0,2,0,0,0,0,0,0,0,0,0,0,0,0,0,4,0,10,5,0,1,1,0,0,0,3,0,0,0,0,0,0,15,0,0,0,1,0,16,0,0,0,0,1,0,0,0,1,1,0,0,2,0,5,0,1,0,1,0,0,0,0,0,0,0,0,0,3,0,0,0,1,0,2,0,0,0,0,0,0,2,2,0,0,4,0,0,0,32,37,17,12,4
"2019-08-28T02:00:00.000-0700",0,0,0,0,0,0,0,0,2,0,0,0,0,0,0,0,0,0,0,0,0,0,2,0,0,0,0,0,0,0,0,0,1,0,0,0,0,0,0,1,0,0,0,1,0,1,0,0,0,0,0,0,0,0,0,0,0,0,2,0,1,0,1,0,0,0,0,0,0,0,0,0,0,0,0,0,0,0,1,0,0,0,0,0,0,0,0,3,0,0,0,0,0,0,0,4,4,2,1,1
"2019-08-28T03:00:00.000-0700",0,0,0,0,0,0,0,0,2,0,0,0,0,1,0,0,2,1,1,1,1,1,0,0,1,0,0,0,0,0,0,0,1,0,0,0,1,0,0,2,2,0,0,1,0,1,0,0,0,0,0,0,0,0,1,0,0,0,2,0,1,0,0,0,0,0,0,0,0,0,0,0,0,0,0,0,0,0,1,0,0,0,0,0,0,0,0,2,0,0,0,0,0,0,0,1,1,2,1,0
"2019-08-28T04:00:00.000-0700",0,0,0,0,0,0,0,0,2,1,0,0,0,1,0,1,1,4,1,2,2,1,0,0,0,0,0,0,0,0,0,0,1,1,0,0,1,0,0,1,2,0,0,1,0,0,0,0,0,0,0,0,0,0,1,0,0,0,2,0,1,0,0,0,0,0,0,0,0,0,0,0,0,0,0,0,0,0,1,0,0,0,0,0,0,0,0,2,0,0,0,0,0,0,0,0,4,0,0,0
"2019-08-28T05:00:00.000-0700",0,0,0,0,0,0,0,0,2,0,1,1,2,2,0,5,12,10,3,2,9,1,14,0,5,3,0,0,0,2,1,3,5,7,0,0,3,2,0,6,11,4,1,1,2,4,0,0,1,0,0,0,0,1,0,1,0,0,3,0,1,0,1,0,1,0,0,1,1,0,0,1,0,1,0,0,2,3,2,0,3,1,1,0,0,0,0,2,1,0,0,0,0,0,0,30,14,20,15,4
"2019-08-28T06:00:00.000-0700",1,1,0,0,0,1,0,2,2,2,11,1,1,13,0,14,27,13,8,8,9,10,34,2,9,9,10,1,0,4,9,5,13,10,0,0,9,9,0,14,25,20,8,9,4,12,0,0,2,1,1,1,0,2,0,1,2,1,2,0,1,0,8,0,1,0,0,1,0,0,0,0,0,4,2,0,1,2,2,0,5,1,0,2,0,0,0,2,9,0,0,3,0,0,0,46,41,43,44,5
"2019-08-28T07:00:00.000-0700",41,10,2,19,12,24,0,17,9,10,24,14,9,12,6,29,33,22,8,6,12,100,293,42,166,130,45,13,87,53,92,98,139,137,4,9,81,86,18,172,72,72,44,38,8,190,7,0,10,29,6,5,5,11,17,58,6,5,2,2,26,1,55,1,0,2,1,10,1,2,0,0,6,8,19,12,29,4,2,4,124,10,2,7,5,14,8,4,26,2,1,18,26,2,3,582,371,359,261,91
"2019-08-28T08:00:00.000-0700",160,19,3,30,14,74,3,39,21,17,21,14,13,8,7,30,31,31,11,12,14,387,631,146,519,419,126,40,195,181,287,237,343,363,33,8,191,277,63,464,118,143,103,100,13,584,18,3,25,30,21,26,15,27,18,188,20,5,3,8,17,6,132,1,12,2,2,26,1,4,0,3,12,16,44,41,46,6,3,7,294,32,16,14,14,26,11,10,53,3,5,17,19,1,9,1015,746,795,509,293
"2019-08-28T09:00:00.000-0700",331,45,5,63,26,168,15,68,52,27,37,14,14,17,6,35,43,36,12,25,23,803,1008,307,933,711,225,51,294,381,532,346,595,611,96,244,372,665,122,763,172,303,242,227,26,1027,30,12,54,31,61,54,22,50,26,346,32,17,7,23,18,8,191,3,33,10,8,60,5,7,6,9,29,65,80,92,122,12,12,13,471,75,38,29,32,58,24,19,116,1,16,23,37,0,17,1439,1077,1381,764,501
"2019-08-28T10:00:00.000-0700",512,76,16,90,26,300,26,97,77,47,56,26,26,17,4,50,62,43,18,18,18,1342,1145,414,1290,916,329,80,144,561,740,508,836,856,129,470,497,996,265,998,256,404,353,325,67,1305,46,15,74,41,89,82,35,88,35,468,28,36,14,29,32,21,270,9,48,18,15,99,7,29,4,22,70,124,212,149,222,12,24,20,566,124,64,34,39,80,22,22,136,4,37,51,46,3,19,1644,1323,1673,914,659
"2019-08-28T11:00:00.000-0700",506,65,10,86,32,303,33,118,97,41,53,38,36,9,5,53,53,41,18,17,18,1665,1216,499,1393,1006,378,56,45,654,866,637,996,1109,133,246,543,1065,357,1064,274,389,399,386,60,1494,49,7,101,45,71,93,27,117,34,445,46,29,11,30,26,26,297,59,73,35,38,172,11,173,4,24,102,215,316,216,383,12,24,34,561,159,81,45,36,102,37,28,119,4,46,60,41,2,12,1572,1362,1642,899,739
"2019-08-28T12:00:00.000-0700",611,95,20,129,45,375,43,142,117,64,55,38,49,13,7,41,48,30,11,29,17,1966,1364,675,1691,1209,453,77,80,667,1060,873,1268,1279,243,302,637,1217,431,1182,368,480,470,399,124,1889,65,9,123,55,106,111,32,153,43,594,58,39,17,26,51,44,347,56,86,60,52,229,10,195,2,34,164,319,435,324,574,10,63,30,680,240,80,58,46,138,37,31,192,8,73,83,44,10,11,1906,1632,2000,1114,834
"2019-08-28T13:00:00.000-0700",515,62,17,79,32,340,28,109,84,47,56,36,27,9,5,44,43,31,9,13,14,1467,1154,486,1414,939,348,76,16,499,795,573,907,1042,127,286,452,1027,276,962,247,330,347,304,93,1386,71,12,99,56,94,112,36,100,46,533,46,36,16,25,43,17,272,44,65,46,56,121,3,148,1,22,105,192,353,207,368,10,44,19,531,156,63,43,28,81,30,29,112,5,46,66,62,2,11,1511,1331,1569,897,728
"2019-08-28T14:00:00.000-0700",432,63,14,73,25,248,21,103,83,47,58,27,27,6,8,42,48,37,7,16,13,1005,891,328,1118,762,315,62,132,383,584,410,629,713,76,231,380,687,213,742,203,231,231,223,71,1097,58,16,55,60,84,70,40,63,44,427,30,24,5,26,32,16,183,53,37,36,36,77,9,146,0,10,70,102,285,114,215,9,34,23,402,108,37,38,20,46,30,18,88,3,15,80,41,5,11,1300,1113,1135,600,550
"2019-08-28T15:00:00.000-0700",398,76,19,91,39,256,20,82,69,28,47,19,26,5,6,40,35,23,12,17,9,849,815,295,1001,584,273,66,204,316,464,318,520,551,118,391,311,622,148,787,172,170,209,194,51,951,29,13,30,54,79,75,27,44,32,376,35,12,11,16,26,17,164,2,16,17,8,49,4,19,0,9,33,72,148,71,130,6,24,23,347,92,43,33,28,41,29,18,93,2,17,62,35,0,10,1224,1043,1074,579,364
"2019-08-28T16:00:00.000-0700",289,71,7,59,35,144,15,55,45,24,37,19,13,11,4,40,43,37,5,13,13,641,605,188,804,493,168,51,57,206,327,230,426,406,37,198,211,478,115,620,135,145,145,146,47,709,37,6,21,40,47,63,26,39,36,329,24,18,10,28,32,6,109,1,15,12,6,33,4,3,3,11,26,42,97,64,98,8,25,23,263,86,29,39,30,58,31,21,54,1,16,74,38,0,20,940,932,891,452,358
"2019-08-28T17:00:00.000-0700",138,27,0,29,22,70,9,30,19,12,13,11,13,0,1,20,18,12,5,9,7,454,406,137,472,338,122,37,14,156,251,163,253,273,13,11,163,367,88,416,67,59,78,70,24,487,25,18,12,24,21,40,20,36,18,191,18,15,10,26,30,1,53,0,14,5,3,31,4,3,1,7,30,40,60,33,69,8,15,23,195,56,19,37,5,40,20,12,35,0,7,58,25,1,6,643,686,455,252,211
"2019-08-28T18:00:00.000-0700",96,22,2,18,16,53,3,14,21,19,12,4,4,1,1,17,23,18,2,8,7,337,208,100,272,153,60,29,12,54,122,64,109,140,8,3,91,238,79,236,48,33,50,49,13,226,17,0,8,22,8,23,4,15,17,112,8,4,2,18,15,0,27,1,6,2,8,27,1,1,0,3,4,17,24,25,42,3,1,9,83,23,7,11,1,23,14,7,29,2,6,40,18,2,0,385,436,258,144,124
"2019-08-28T19:00:00.000-0700",50,13,3,14,10,23,0,5,8,17,7,5,3,0,3,6,11,15,3,5,6,244,171,60,203,130,34,17,9,55,95,55,93,111,1,6,60,201,58,183,36,24,26,35,8,175,9,1,5,19,5,10,1,17,9,62,6,2,3,13,10,3,32,0,4,4,1,20,1,3,4,8,6,14,14,18,31,4,1,4,64,10,5,10,3,9,9,10,49,4,27,26,6,3,1,309,301,237,139,98
"2019-08-28T20:00:00.000-0700",17,7,1,11,9,4,0,6,4,8,7,5,6,1,3,13,14,12,3,7,9,124,61,36,96,47,12,12,7,13,29,18,39,36,4,3,41,95,29,88,15,18,16,32,8,69,7,1,10,15,3,10,4,7,8,33,4,3,2,5,12,2,4,0,3,1,1,5,0,0,0,2,3,4,6,12,6,3,2,1,31,6,5,3,0,1,3,6,28,1,18,22,10,0,0,120,140,67,30,43
"2019-08-28T21:00:00.000-0700",6,3,0,3,5,2,0,3,3,6,11,2,1,1,2,9,16,11,2,2,3,36,25,6,37,12,5,10,5,10,15,6,16,18,0,2,13,22,3,32,17,9,5,10,8,29,3,2,4,18,1,0,2,3,9,3,1,1,2,2,16,0,7,0,1,0,1,3,1,0,0,1,2,4,6,10,1,4,0,0,19,0,1,2,0,0,2,2,7,0,4,20,13,0,0,70,92,32,18,6
"2019-08-28T22:00:00.000-0700",2,2,0,0,1,0,0,2,2,3,2,2,2,1,3,0,3,2,0,3,3,5,20,1,10,10,4,2,1,2,5,4,8,4,1,0,2,4,2,10,5,4,1,4,4,11,2,0,0,2,1,0,1,2,3,5,0,1,2,1,3,0,5,0,1,1,1,1,1,0,0,0,0,1,2,2,0,0,0,0,7,0,0,0,1,0,0,2,5,2,2,2,2,1,0,42,29,30,19,4
"2019-08-28T23:00:00.000-0700",2,1,0,1,1,0,0,0,2,1,2,0,0,0,0,2,1,3,0,0,0,0,10,1,7,9,2,1,1,1,0,2,1,0,0,0,0,0,0,8,1,0,0,1,2,9,0,0,0,1,0,1,0,0,0,3,0,0,2,0,2,0,2,0,0,0,0,2,0,0,0,0,0,0,1,0,0,1,1,0,8,0,0,1,0,1,0,1,1,0,0,2,0,0,0,40,32,14,11,7
"2019-08-29T00:00:00.000-0700",2,0,0,1,2,0,0,0,2,0,0,0,0,0,0,0,0,0,0,1,0,0,9,0,8,6,0,2,2,2,0,1,3,0,0,0,0,0,0,8,0,0,0,2,0,10,0,0,0,2,2,0,1,0,1,4,0,0,2,1,4,0,4,0,0,0,0,0,0,0,0,0,0,0,0,1,0,0,0,0,2,0,0,3,0,1,1,0,2,0,0,3,1,0,0,52,35,25,19,5
"2019-08-29T01:00:00.000-0700",0,0,0,1,0,0,0,0,2,0,1,0,0,0,0,0,0,0,0,0,0,0,5,0,4,3,1,1,2,1,0,1,2,0,0,0,0,0,0,4,1,0,0,1,0,4,0,0,0,0,0,0,0,0,0,0,0,0,1,0,4,0,1,0,0,0,0,0,0,0,0,0,0,0,0,0,0,0,0,0,2,0,0,0,0,0,0,0,0,0,0,4,0,0,0,7,14,8,6,0
"2019-08-29T02:00:00.000-0700",0,1,0,0,0,0,0,0,2,0,0,0,0,0,0,0,0,0,0,0,0,0,1,0,1,1,0,0,0,0,0,1,0,1,0,0,0,0,0,2,0,0,0,1,0,1,0,0,0,0,0,0,0,0,1,1,0,0,1,0,1,0,1,0,0,0,0,0,0,0,0,0,0,0,0,0,0,0,0,0,1,0,0,1,0,0,0,0,0,0,0,0,0,0,0,4,4,1,1,1
"2019-08-29T03:00:00.000-0700",0,0,0,0,0,0,0,0,2,0,0,0,0,1,0,0,1,1,1,1,1,0,0,0,0,1,0,0,0,0,0,0,0,0,0,0,0,0,0,0,1,0,0,1,0,1,0,0,0,0,0,0,0,0,0,0,0,0,2,0,1,0,0,0,0,0,0,0,0,0,0,0,0,0,0,0,0,0,0,0,0,0,0,0,0,0,0,0,0,0,0,0,0,0,0,2,3,1,0,1
"2019-08-29T04:00:00.000-0700",1,0,0,0,0,0,0,0,2,1,2,0,0,2,0,1,6,4,2,3,1,2,0,0,0,0,0,0,0,0,0,1,0,2,0,0,1,0,0,0,3,1,2,1,1,0,0,0,0,0,0,0,0,0,0,0,0,0,2,0,1,0,0,0,0,0,0,0,0,0,0,0,0,0,0,0,0,0,0,0,0,0,1,0,0,0,0,2,0,0,0,0,0,0,0,3,4,1,1,0
"2019-08-29T05:00:00.000-0700",0,0,0,0,0,0,0,0,2,0,1,1,0,1,0,3,5,7,4,4,5,3,10,0,4,6,1,0,0,0,4,0,2,4,0,0,2,1,1,3,6,2,1,2,5,3,1,0,1,0,0,0,0,0,0,0,0,0,2,0,1,0,1,2,1,0,1,4,2,3,3,1,0,0,0,0,2,5,0,0,4,0,0,0,0,0,0,2,1,0,0,0,0,1,0,59,11,20,32,0
"2019-08-29T06:00:00.000-0700",1,1,0,0,0,1,0,2,2,3,12,0,1,3,1,12,21,21,4,6,6,15,23,1,14,17,7,0,0,7,16,15,26,14,0,1,16,4,1,16,27,18,8,8,8,21,0,0,2,0,0,0,0,2,0,1,0,0,2,0,3,2,22,4,2,1,2,4,4,6,4,3,3,6,8,2,5,6,0,0,7,0,0,3,0,0,0,6,30,0,0,3,0,0,0,96,47,66,64,9
"2019-08-29T07:00:00.000-0700",39,10,1,12,16,23,0,9,7,5,14,3,9,10,1,20,37,28,17,8,10,121,387,41,231,186,62,15,41,75,133,128,169,147,4,5,74,79,18,226,95,74,51,44,19,271,4,0,7,31,2,11,9,11,14,79,10,2,2,5,25,2,69,6,7,4,1,17,8,10,9,1,11,10,25,9,23,9,0,6,156,12,2,13,6,15,16,8,42,1,1,37,20,0,7,852,479,526,359,140
"2019-08-29T08:00:00.000-0700",93,23,1,26,20,52,2,28,14,4,16,3,21,10,1,27,33,36,10,6,13,226,290,78,362,218,86,28,82,100,149,116,173,224,13,7,108,165,37,272,121,110,70,58,14,345,14,4,16,27,22,18,13,15,9,123,12,7,2,6,12,3,74,9,2,6,3,26,9,19,11,3,14,16,48,29,32,7,5,8,150,24,14,27,11,28,9,26,36,4,7,30,17,3,11,668,501,416,264,152
"2019-08-29T09:00:00.000-0700",285,55,4,53,27,154,8,55,27,25,31,19,20,15,2,29,43,36,20,10,13,808,877,263,929,750,227,66,248,356,536,328,552,631,73,195,303,534,102,807,205,302,287,255,38,955,28,6,64,29,49,70,26,53,18,334,30,21,10,18,18,9,198,8,10,13,13,93,8,29,14,9,37,61,118,87,126,14,17,11,496,80,45,28,36,68,4,36,94,3,13,42,27,5,16,1712,1204,1275,749,511
"2019-08-29T10:00:00.000-0700",377,67,4,50,30,212,25,89,68,32,44,27,27,14,5,49,59,37,11,13,13,1305,1061,414,1300,949,390,63,355,493,711,439,739,828,129,405,452,877,217,996,265,387,435,330,76,1209,55,12,56,43,61,77,29,81,36,386,48,20,6,25,34,13,242,63,23,44,57,222,32,134,46,20,75,115,263,131,236,19,24,28,573,114,60,44,33,89,24,39,121,5,23,57,49,7,18,1628,1431,1576,796,662
"2019-08-29T11:00:00.000-0700",322,46,9,51,26,164,27,95,72,37,35,26,25,12,6,29,38,35,24,12,11,1128,638,300,1016,651,269,49,40,399,593,384,498,688,85,279,326,746,246,749,206,287,317,270,77,925,38,10,64,41,50,69,18,87,32,361,28,21,10,35,24,8,174,65,20,26,53,266,33,146,61,15,69,132,229,161,346,25,33,25,354,121,55,47,21,85,29,50,100,6,30,51,38,9,13,983,954,985,466,518
"2019-08-29T12:00:00.000-0700",432,76,13,63,47,214,36,120,101,42,38,38,33,14,4,43,45,31,17,14,11,1874,1260,593,1582,1228,481,58,48,709,1090,671,1094,1258,204,560,577,1199,379,1274,341,420,512,444,110,1609,68,10,87,58,80,105,33,151,53,480,100,33,11,53,44,13,270,45,31,51,46,390,22,136,48,28,156,232,350,273,504,13,47,42,675,155,97,76,37,97,25,39,139,8,36,85,51,8,21,1969,1811,1989,969,880
"2019-08-29T13:00:00.000-0700",406,56,13,61,30,215,23,115,94,52,47,29,24,11,7,37,44,34,16,19,16,1518,1207,425,1418,1033,473,52,56,578,835,586,861,1042,106,489,431,991,267,1082,305,335,425,346,98,1493,53,11,74,58,75,69,28,103,36,429,91,28,14,32,33,10,236,36,21,34,47,275,14,99,36,11,86,137,252,199,354,8,55,29,596,139,64,47,31,105,38,37,150,15,52,114,42,6,21,1782,1709,1824,923,736
"2019-08-29T14:00:00.000-0700",285,44,12,50,29,137,25,83,75,37,39,22,18,10,5,24,28,34,18,15,15,941,592,270,861,544,227,53,30,252,455,290,442,526,82,251,270,633,143,610,155,220,266,229,82,824,38,6,50,44,38,41,26,60,27,270,49,22,8,27,14,3,114,6,9,11,14,145,3,37,4,14,44,77,137,117,244,6,37,11,267,65,41,27,17,63,12,10,47,3,13,71,33,2,13,925,802,782,382,387
"2019-08-29T15:00:00.000-0700",362,76,11,57,33,171,18,90,67,40,50,22,27,10,11,41,37,31,12,18,10,971,1036,308,1154,794,368,73,254,405,650,386,646,747,86,258,294,619,183,939,200,204,216,245,64,1112,35,21,42,44,81,69,27,69,37,366,77,16,7,34,34,6,158,1,11,8,4,114,1,1,0,4,40,67,126,111,167,4,21,17,557,107,47,32,16,68,23,12,98,1,20,76,40,0,21,1630,1366,1389,674,551
"2019-08-29T16:00:00.000-0700",248,49,6,47,30,115,9,54,30,22,41,23,23,5,8,42,35,23,8,10,13,680,658,238,808,561,222,28,30,245,371,286,427,489,44,219,217,507,115,653,141,149,162,158,55,786,34,9,32,36,44,37,17,38,24,253,55,11,7,27,26,7,124,3,6,6,7,83,3,3,2,13,39,55,129,57,116,8,32,12,386,78,32,30,14,33,15,11,67,2,10,58,25,0,7,1227,1004,1029,598,434
"2019-08-29T17:00:00.000-0700",152,38,6,37,15,75,7,21,26,13,14,5,9,1,2,20,20,19,4,10,10,493,406,130,511,336,142,25,11,128,249,165,250,302,31,11,133,315,105,419,78,81,96,111,24,471,19,7,15,21,24,20,14,25,21,188,29,10,6,23,26,4,53,3,7,1,4,50,5,5,0,0,21,41,64,47,79,9,16,8,204,43,26,16,5,27,7,10,31,0,16,48,21,0,3,707,786,536,280,256
"2019-08-29T18:00:00.000-0700",110,35,2,21,16,48,3,11,14,14,13,2,2,1,3,15,16,17,4,7,8,454,326,103,357,245,117,28,5,100,177,121,215,222,11,5,82,302,89,282,55,43,61,58,19,366,16,0,11,21,19,19,5,22,18,104,20,15,6,17,15,1,67,0,4,3,3,33,4,2,3,2,28,38,44,32,89,4,12,3,167,35,10,10,2,9,5,5,39,0,26,43,17,0,0,662,505,516,272,187
"2019-08-29T19:00:00.000-0700",40,14,0,10,9,16,2,4,13,16,7,0,1,0,1,8,14,8,3,7,7,271,176,64,175,156,47,8,4,51,116,84,147,130,10,2,61,207,54,164,19,16,24,41,11,201,6,0,10,16,6,11,6,12,11,59,5,8,1,2,6,1,48,1,4,1,1,41,3,2,3,2,8,22,11,32,53,4,0,0,77,17,1,7,0,1,4,12,47,1,24,24,6,1,0,410,257,318,160,95
"2019-08-29T20:00:00.000-0700",21,4,1,7,10,9,2,7,7,13,11,1,6,1,2,15,10,11,2,5,5,174,112,50,97,90,23,13,5,34,56,24,83,58,2,1,28,132,30,90,7,10,7,22,6,102,6,0,5,10,3,4,5,7,7,33,5,3,2,5,8,1,29,0,0,0,0,11,1,0,0,0,4,10,5,11,10,4,0,0,57,13,6,2,0,6,1,8,27,0,16,16,8,0,0,212,172,188,94,50
"2019-08-29T21:00:00.000-0700",8,3,0,1,4,1,0,4,6,9,8,3,5,0,1,14,10,8,5,2,1,57,78,15,47,34,16,7,1,11,23,10,27,29,3,0,16,38,10,49,18,9,5,4,5,46,4,0,3,13,3,1,1,8,4,5,2,4,4,2,15,0,16,0,0,0,0,4,1,1,1,1,0,1,2,3,2,1,0,2,35,7,1,3,0,4,3,2,5,0,2,18,7,1,1,117,143,83,41,30
"2019-08-29T22:00:00.000-0700",0,0,0,0,0,0,0,0,2,3,3,0,1,1,1,2,4,2,1,3,1,3,49,4,19,17,11,1,1,3,1,5,5,3,1,0,3,2,1,21,8,2,0,1,2,21,0,1,0,0,1,1,1,0,0,3,5,0,1,1,5,0,8,0,0,0,0,1,0,0,0,0,0,0,1,2,0,0,0,0,15,3,1,2,0,0,0,2,3,1,1,2,1,0,0,83,70,53,28,11
"2019-08-29T23:00:00.000-0700",0,0,0,0,0,0,0,0,2,1,0,0,1,0,1,1,2,1,0,1,1,2,23,1,9,8,7,1,0,0,0,3,3,1,1,0,1,1,0,13,2,1,0,1,1,13,0,0,0,1,1,2,0,0,1,5,1,0,2,0,4,0,2,0,0,0,0,0,0,0,0,0,0,0,2,0,0,0,0,0,9,0,1,2,0,0,0,0,3,0,0,1,1,0,0,70,67,39,31,9
"2019-08-30T00:00:00.000-0700",1,0,0,1,0,0,0,0,2,0,0,0,0,0,0,0,0,0,0,1,0,2,10,2,18,15,3,1,1,2,0,0,6,1,0,0,0,1,0,14,2,1,0,1,1,20,0,0,1,0,0,2,0,1,0,5,1,0,1,0,2,0,5,0,0,0,0,0,0,0,0,0,0,0,1,0,0,0,0,0,3,3,2,2,0,0,0,2,3,0,0,1,0,0,0,66,49,28,24,9
"2019-08-30T01:00:00.000-0700",0,0,0,0,0,0,0,0,2,0,0,0,0,0,0,0,0,0,0,0,0,0,12,0,11,9,2,1,1,2,0,2,3,1,0,0,0,0,0,9,1,0,0,1,0,12,0,0,1,0,0,1,0,2,0,0,2,0,3,0,3,0,2,0,0,0,0,0,0,0,0,0,0,0,0,0,0,0,0,0,6,2,1,2,0,0,0,0,2,0,0,1,1,0,0,67,42,26,14,5
"2019-08-30T02:00:00.000-0700",0,0,0,0,0,0,0,0,2,0,0,0,0,0,0,0,0,0,0,0,0,0,4,0,0,2,0,0,0,0,0,1,1,0,0,0,0,0,0,2,0,0,0,1,0,1,0,0,0,0,0,0,0,1,1,0,0,0,2,0,1,0,1,0,0,0,0,0,0,0,0,0,0,0,0,0,0,0,0,0,2,0,1,1,0,2,0,0,0,0,0,0,0,0,0,8,2,8,5,1
"2019-08-30T03:00:00.000-0700",0,0,0,0,0,0,0,0,2,0,0,0,0,0,0,0,0,1,0,1,0,0,2,0,0,0,1,0,0,0,0,0,0,0,0,0,0,0,0,0,0,1,0,1,0,1,0,0,0,0,0,1,0,0,0,0,2,0,2,0,1,0,0,0,0,0,0,0,0,0,0,0,0,0,0,0,0,0,0,0,0,0,1,1,0,0,0,0,1,0,0,0,0,0,0,3,3,1,3,0
"2019-08-30T04:00:00.000-0700",0,0,0,0,0,0,0,0,2,0,0,0,0,1,0,2,2,3,2,2,0,0,0,0,1,0,0,0,0,0,0,0,0,0,0,0,0,0,0,1,2,1,0,1,0,0,0,0,0,0,0,0,0,0,0,0,0,0,2,0,1,0,1,0,0,0,0,0,0,0,0,0,0,0,0,0,0,0,0,0,1,0,1,1,0,1,0,0,0,0,0,0,0,0,0,1,2,0,0,0
"2019-08-30T05:00:00.000-0700",0,0,0,0,0,0,0,0,2,1,2,1,0,2,0,1,7,6,3,1,3,3,3,1,0,0,0,0,0,0,0,1,1,3,0,0,0,2,1,0,3,1,0,1,2,2,0,0,0,0,0,1,0,0,0,0,0,0,2,1,1,0,1,0,0,0,0,2,0,1,0,0,0,1,0,1,0,1,0,0,3,0,1,1,1,1,0,0,0,0,0,0,0,0,0,14,7,7,2,0
"2019-08-30T06:00:00.000-0700",0,0,0,0,0,0,0,1,2,6,14,1,0,6,3,16,29,25,10,5,8,14,10,4,9,6,1,0,0,1,10,3,4,10,0,2,9,8,3,16,28,18,8,3,10,14,0,0,0,0,0,1,0,0,0,0,0,0,2,0,1,1,3,3,0,0,0,5,3,3,0,0,0,0,3,0,3,5,0,0,7,2,1,3,0,0,0,0,1,0,0,1,0,0,0,39,32,17,5,4
"2019-08-30T07:00:00.000-0700",11,8,0,6,5,6,0,13,8,8,12,9,10,10,1,25,27,29,15,9,18,104,183,36,139,111,50,4,19,41,85,77,93,104,6,5,72,59,13,129,76,78,40,42,21,161,6,0,7,26,3,5,4,10,10,40,7,2,2,3,18,0,33,1,3,2,0,17,4,13,1,0,3,5,31,7,15,11,1,3,93,12,10,10,5,10,3,2,17,0,0,22,20,0,4,438,273,226,146,75
"2019-08-30T08:00:00.000-0700",73,20,3,24,13,26,2,26,15,13,21,7,9,12,3,23,25,18,9,3,11,284,420,95,399,299,94,19,122,122,203,180,221,277,14,5,149,180,29,324,106,123,80,84,14,449,16,3,17,21,14,21,10,21,9,150,32,5,1,9,13,7,87,17,5,6,13,33,3,112,2,1,13,13,108,21,34,10,3,7,223,32,13,16,14,26,4,7,36,0,5,30,16,3,7,970,623,596,349,198
"2019-08-30T09:00:00.000-0700",152,26,1,30,18,68,15,67,35,22,39,20,8,18,3,36,32,32,20,9,15,669,747,199,732,604,230,51,199,264,500,294,445,475,84,245,252,500,88,535,159,252,208,160,23,926,20,4,44,28,27,36,10,44,20,247,42,10,3,14,17,12,154,19,11,17,22,48,7,98,0,6,20,25,119,36,83,14,3,14,398,66,33,17,19,58,7,12,75,1,8,38,11,0,13,1231,827,1049,515,378
"2019-08-30T10:00:00.000-0700",226,44,7,35,22,88,23,86,65,37,51,26,18,11,3,47,55,43,22,8,18,1058,790,312,937,659,347,82,273,316,519,332,605,639,90,291,301,742,190,647,215,275,310,236,47,939,43,10,57,43,64,49,22,63,27,346,66,18,6,26,28,11,166,0,11,5,2,106,1,3,0,8,41,44,85,57,147,9,7,20,464,82,49,28,22,66,14,14,77,3,12,58,30,2,19,1437,1041,1223,621,481
"2019-08-30T11:00:00.000-0700",265,52,5,45,19,99,16,96,65,45,42,25,22,11,5,42,55,35,19,15,18,1222,846,374,1011,827,361,99,200,442,707,461,675,777,64,36,342,783,245,762,219,294,318,255,29,1120,46,10,62,45,52,52,20,94,27,354,70,23,3,20,25,11,166,5,27,4,4,146,6,3,3,8,75,94,68,115,251,10,5,14,530,76,49,26,18,66,9,20,84,1,22,58,38,1,14,1377,1088,1246,634,554
"2019-08-30T12:00:00.000-0700",239,41,6,48,34,94,19,106,74,37,53,34,22,13,8,39,41,36,16,9,11,1303,807,381,1002,743,296,76,148,370,719,503,605,852,74,41,326,817,275,806,236,298,359,284,41,1107,54,10,65,54,68,54,35,94,28,340,80,18,8,21,31,16,207,0,18,4,0,154,10,0,0,17,88,126,77,148,308,10,7,20,452,81,37,32,31,73,6,19,121,1,27,70,42,1,14,1518,1139,1271,586,527
"2019-08-30T13:00:00.000-0700",251,36,4,43,29,96,22,90,83,36,44,24,19,22,4,41,45,29,11,5,8,1082,668,309,849,636,307,76,117,308,560,397,534,673,96,200,259,692,230,617,162,235,268,232,31,853,35,9,41,43,50,58,24,59,36,269,62,12,10,28,22,11,135,0,22,2,3,129,1,0,1,7,55,64,68,85,200,8,9,13,384,66,35,24,20,48,18,9,70,1,14,49,39,0,12,1377,960,1074,512,440
"2019-08-30T14:00:00.000-0700",202,45,5,44,34,65,16,86,67,36,54,26,19,23,7,46,57,42,20,18,22,662,463,211,731,487,197,70,135,233,385,253,373,438,36,193,154,389,100,488,137,134,157,132,26,627,36,12,30,50,40,41,26,42,29,252,44,14,8,19,18,14,113,1,13,3,3,95,7,0,0,8,47,51,51,47,117,7,5,18,308,65,37,29,17,48,19,4,54,2,11,71,36,1,15,1020,783,850,416,382
"2019-08-30T15:00:00.000-0700",162,42,2,39,38,61,17,86,102,35,49,19,21,7,5,39,45,34,8,13,12,611,333,164,504,335,116,41,106,144,268,131,278,290,85,395,149,415,91,359,97,116,118,88,21,487,23,10,28,42,29,31,17,23,19,187,22,10,8,14,25,7,102,2,8,4,0,52,2,0,3,11,39,50,45,41,69,9,2,8,204,37,22,16,9,33,15,4,58,2,9,53,35,1,10,664,582,560,302,264
"2019-08-30T16:00:00.000-0700",101,23,4,24,18,39,9,38,68,21,25,17,11,4,2,24,32,16,4,8,6,419,258,114,373,245,94,36,12,95,193,118,211,215,30,197,102,288,68,282,53,68,86,60,11,361,25,4,17,28,28,28,20,24,15,144,26,8,6,12,10,16,86,1,12,2,4,46,2,3,0,9,31,54,30,44,47,7,3,14,179,23,23,8,6,29,9,6,45,0,17,35,20,0,4,470,499,378,220,189
"2019-08-30T17:00:00.000-0700",48,11,0,13,17,15,4,15,37,18,12,9,8,1,3,20,20,16,4,3,2,277,139,70,199,117,50,17,6,51,107,57,113,120,6,2,64,194,46,155,35,43,42,39,17,197,5,0,8,23,6,14,6,5,12,72,8,1,4,4,18,4,27,0,6,1,1,21,3,3,0,0,9,30,17,21,13,3,2,0,96,6,4,1,2,4,6,0,9,0,0,31,11,1,1,306,318,224,118,83
"2019-08-30T18:00:00.000-0700",22,6,0,8,10,4,0,7,7,3,7,4,1,5,4,12,16,15,6,11,12,245,120,52,122,102,47,15,4,43,64,37,72,81,7,2,52,173,48,134,24,26,26,32,7,127,12,0,6,26,3,2,6,12,13,29,10,4,4,8,23,1,17,2,2,1,0,10,1,1,1,1,4,15,4,9,3,4,1,1,63,3,4,3,1,2,2,1,10,0,0,26,17,1,1,224,248,183,101,72
"2019-08-30T19:00:00.000-0700",0,0,0,0,0,0,1,2,8,3,3,1,1,1,1,10,8,9,2,0,2,250,89,49,94,79,42,0,0,27,59,31,67,77,15,73,57,181,48,122,12,22,33,32,7,112,2,0,2,1,2,1,2,8,3,7,5,1,2,4,3,0,10,1,2,2,2,7,2,2,2,0,4,6,7,5,5,3,0,0,49,3,2,2,0,1,0,2,9,2,2,2,2,0,0,178,176,136,67,53
"2019-08-30T20:00:00.000-0700",1,0,0,1,1,0,0,3,3,2,6,2,4,2,3,7,10,11,4,7,8,155,57,34,58,48,20,0,0,20,39,29,45,39,7,82,29,90,41,75,17,9,18,12,6,71,4,0,2,0,0,0,0,2,1,3,2,2,1,1,3,1,13,0,2,0,0,6,0,0,0,1,1,4,6,7,2,3,0,0,33,3,1,1,2,1,2,0,5,0,0,3,1,0,1,103,109,105,58,31
"2019-08-30T21:00:00.000-0700",0,0,0,0,0,0,1,2,5,2,1,0,1,0,0,3,3,2,1,0,0,45,36,7,18,21,13,1,0,7,15,11,15,10,4,69,9,23,9,40,5,5,2,3,3,28,0,0,1,0,1,1,0,2,1,2,1,1,2,0,6,0,8,0,0,0,0,0,0,0,0,0,0,0,1,0,3,1,0,0,20,0,2,1,1,2,0,0,5,2,0,4,0,0,2,63,61,60,40,12
"2019-08-30T22:00:00.000-0700",1,0,0,1,0,0,0,0,2,2,3,0,1,0,1,4,3,4,1,2,3,34,32,7,21,17,14,1,1,13,23,7,19,13,2,63,20,35,1,26,5,6,3,5,2,37,0,0,1,1,2,0,1,1,2,2,3,0,1,2,1,0,7,0,1,0,0,1,0,0,0,0,0,0,0,0,1,1,0,0,15,0,1,1,0,2,0,0,4,0,0,1,1,0,0,82,70,61,31,14
"2019-08-30T23:00:00.000-0700",1,0,0,0,0,0,0,1,3,2,2,2,1,0,1,2,2,2,0,0,1,1,21,1,9,11,9,2,1,2,1,2,3,1,0,1,2,0,0,8,3,1,1,1,1,13,0,0,1,1,0,0,0,0,0,0,1,1,2,0,1,0,3,0,0,0,0,0,0,0,0,0,0,0,1,0,0,0,0,0,9,1,1,0,1,3,0,0,3,0,0,1,1,0,1,47,27,34,24,6
"2019-08-31T00:00:00.000-0700",0,0,0,0,0,0,0,0,2,0,0,0,0,0,0,0,0,0,0,0,0,1,15,1,7,8,5,0,1,0,0,0,1,1,0,0,0,0,0,14,1,1,0,1,0,16,0,0,0,1,0,0,0,0,0,0,1,0,2,0,2,0,2,0,0,0,0,0,0,0,0,0,0,1,1,1,0,0,0,0,8,0,1,2,0,1,1,0,3,0,0,0,0,0,1,42,37,31,20,4
"2019-08-31T01:00:00.000-0700",0,0,0,0,0,0,0,0,2,0,0,0,0,0,0,0,0,0,0,0,0,0,8,0,4,0,1,0,0,0,0,1,4,0,0,0,0,0,0,4,0,0,0,1,0,6,0,0,0,0,1,0,1,0,1,1,0,0,2,0,1,0,2,0,0,0,0,0,0,0,0,0,0,0,1,0,0,0,0,0,5,0,0,0,0,0,0,0,1,0,0,0,1,0,0,12,9,20,10,3
"2019-08-31T02:00:00.000-0700",0,0,0,0,0,0,0,0,2,0,0,0,0,0,0,0,0,0,0,0,0,0,3,0,1,1,0,0,0,0,0,0,0,0,0,0,0,0,0,1,0,0,0,1,0,1,0,0,0,0,0,0,0,0,1,0,0,1,2,0,1,0,0,0,0,0,0,0,0,0,0,0,0,0,0,0,0,0,0,0,1,2,1,0,1,2,1,0,0,0,0,0,0,0,1,2,3,5,4,0
"2019-08-31T03:00:00.000-0700",0,0,0,0,0,0,0,0,2,0,0,0,0,0,0,0,1,1,1,0,0,0,2,0,0,0,2,0,0,0,0,0,1,0,0,0,0,0,0,0,1,0,0,1,0,0,0,0,0,0,0,0,0,0,0,0,0,0,2,0,1,0,0,0,0,0,0,0,0,0,0,0,0,0,0,0,0,0,0,0,1,1,1,0,1,2,0,0,0,0,0,0,0,0,1,4,0,2,1,0
"2019-08-31T04:00:00.000-0700",0,0,0,0,0,0,0,0,2,0,1,0,0,0,0,2,1,1,1,0,0,0,1,0,0,0,0,0,0,0,0,0,0,0,0,0,0,0,0,0,0,0,0,2,0,0,0,0,0,0,0,0,0,0,0,0,0,0,2,0,1,0,0,0,0,0,0,0,0,0,0,0,0,0,0,0,0,0,0,0,0,0,0,0,2,1,1,0,0,0,0,0,0,0,0,3,2,0,0,0
"2019-08-31T05:00:00.000-0700",0,0,0,0,0,0,0,0,2,0,0,0,2,0,0,2,1,0,0,0,0,1,5,0,1,0,1,0,0,0,0,2,1,0,0,0,1,0,0,1,0,0,0,1,0,1,0,0,0,0,0,1,0,0,0,1,0,1,2,0,1,0,0,0,0,0,0,0,0,0,0,0,0,0,0,0,1,0,0,0,1,0,0,0,1,1,0,0,0,0,0,0,0,0,1,4,1,5,5,1
"2019-08-31T06:00:00.000-0700",0,0,0,0,0,0,0,0,2,1,2,1,0,0,0,3,2,2,1,0,0,1,5,1,1,1,2,0,0,0,0,2,1,0,0,0,1,0,0,2,1,3,1,1,0,5,0,0,0,0,0,0,0,0,0,0,1,0,2,0,1,0,1,0,0,0,0,0,0,0,0,0,0,0,0,0,0,0,0,0,3,1,0,0,1,2,0,0,1,0,0,0,0,0,1,12,6,6,9,1
"2019-08-31T07:00:00.000-0700",0,0,0,0,0,0,0,1,2,4,5,2,0,1,2,7,9,5,5,1,0,9,15,0,5,5,1,0,0,1,2,4,1,2,0,0,2,1,0,10,10,7,1,1,4,10,0,0,0,1,0,0,0,0,0,1,1,1,2,0,1,0,0,0,0,0,0,0,0,0,0,0,0,0,0,0,0,0,1,0,4,2,0,0,0,2,0,0,2,0,0,0,0,0,1,34,23,19,11,2
"2019-08-31T08:00:00.000-0700",0,0,0,0,0,0,0,0,2,4,3,0,1,2,5,7,15,8,3,2,2,15,23,2,12,14,3,0,0,4,9,4,5,7,0,0,16,8,1,8,9,21,6,4,2,10,0,0,0,0,0,0,0,0,0,2,0,0,2,0,2,0,2,0,0,0,0,0,0,0,0,0,0,2,1,0,1,0,1,0,9,0,0,0,0,2,1,2,2,0,0,3,0,0,0,19,28,12,3,5
"2019-08-31T09:00:00.000-0700",9,3,0,4,7,4,1,5,5,7,6,1,1,3,4,10,18,11,9,3,4,37,25,15,44,22,8,1,2,11,19,16,10,12,0,2,27,23,4,49,18,36,15,14,1,30,4,0,3,15,0,0,3,6,4,4,0,2,2,2,8,1,3,0,0,0,0,0,0,0,0,0,0,1,1,0,0,0,0,1,16,1,0,1,1,1,1,1,2,0,0,14,11,0,1,59,75,23,16,14
"2019-08-31T10:00:00.000-0700",26,7,0,10,10,10,0,3,3,6,7,2,2,4,4,15,23,18,11,4,6,77,45,30,95,34,11,12,3,18,33,11,34,32,1,0,49,61,10,65,22,50,26,19,7,53,2,0,3,5,3,15,2,4,0,17,3,1,2,0,6,0,6,1,1,0,1,3,2,2,1,0,1,1,1,3,2,2,0,2,28,0,0,0,1,2,1,2,3,1,0,11,4,1,0,86,89,58,32,25
"2019-08-31T11:00:00.000-0700",27,10,0,11,8,10,1,2,4,6,6,2,1,4,3,12,17,14,8,3,1,164,63,33,123,67,15,11,5,20,38,28,55,49,2,5,66,124,16,89,21,66,36,29,9,75,3,0,1,4,5,5,3,4,2,16,2,0,3,1,3,1,9,0,2,0,0,3,1,1,0,0,4,12,8,3,2,1,1,2,34,3,0,5,1,4,1,1,4,0,1,15,5,0,0,116,140,95,31,37
"2019-08-31T12:00:00.000-0700",49,8,1,12,11,15,2,5,6,6,7,1,3,4,2,12,18,12,4,4,5,217,80,43,157,77,18,10,3,28,61,27,54,54,9,5,63,135,28,98,14,46,50,29,5,100,1,0,2,10,5,16,4,3,4,18,5,3,2,1,6,2,13,0,3,0,0,4,0,0,0,1,7,6,2,1,0,2,1,0,62,6,1,0,1,3,1,0,4,0,0,14,2,0,0,116,128,98,44,57
"2019-08-31T13:00:00.000-0700",42,14,2,14,12,15,8,10,9,9,7,2,3,1,3,11,14,8,7,4,4,250,82,63,188,95,16,21,2,57,86,34,78,70,11,5,71,176,35,134,22,44,47,44,7,115,5,0,2,13,3,12,6,5,5,29,6,3,4,3,5,1,12,0,4,1,0,4,0,1,0,0,4,3,3,4,3,1,0,2,49,8,2,2,1,5,5,2,11,2,4,18,10,1,1,155,168,102,54,76
"2019-08-31T14:00:00.000-0700",51,20,4,15,13,23,10,11,15,13,7,1,1,2,4,10,11,10,2,3,2,208,72,56,165,73,20,20,3,36,71,35,64,67,11,5,57,146,16,104,22,31,27,24,5,92,2,0,4,11,8,18,5,1,3,26,9,1,2,3,4,0,10,0,1,0,0,5,0,0,0,0,3,2,6,2,0,0,0,2,44,11,3,1,0,5,2,0,5,0,0,21,5,0,1,104,143,104,38,67
"2019-08-31T15:00:00.000-0700",53,12,0,16,11,23,3,7,6,7,8,5,4,2,4,12,13,14,2,3,3,220,61,42,152,67,29,14,2,29,64,34,55,60,6,5,64,167,34,124,16,42,30,27,9,96,2,0,8,8,5,11,6,7,1,20,1,3,2,1,3,0,9,0,3,0,0,7,0,0,0,0,4,6,4,5,4,2,0,0,37,8,3,6,1,2,1,0,2,0,0,15,4,0,1,90,159,91,39,49
"2019-08-31T16:00:00.000-0700",36,11,0,10,7,12,4,6,13,3,3,1,1,0,1,2,4,5,3,4,2,202,60,43,138,81,15,19,5,34,45,21,48,56,4,5,58,140,39,106,8,30,28,34,3,101,3,1,9,9,1,13,4,4,5,23,4,1,2,1,5,1,11,0,0,0,0,9,1,0,0,3,9,8,5,6,3,2,0,1,42,7,2,5,0,4,1,0,4,0,0,16,7,0,1,120,128,90,48,54
"2019-08-31T17:00:00.000-0700",13,4,0,5,5,1,4,4,9,7,7,2,0,1,2,6,10,9,2,3,2,185,58,35,70,56,12,11,5,24,47,25,53,50,3,4,30,119,28,84,15,16,20,22,6,90,3,0,3,10,2,0,3,2,3,25,4,1,1,1,8,0,6,0,1,0,0,4,0,1,1,1,2,3,2,3,3,2,1,0,26,3,1,2,0,1,2,1,7,0,0,18,8,0,0,108,112,97,33,41
"2019-08-31T18:00:00.000-0700",0,0,0,0,0,0,2,5,8,5,5,2,4,1,3,9,9,8,3,3,1,193,71,24,56,73,23,0,1,22,54,24,56,43,3,4,40,108,49,72,11,11,22,25,3,68,3,0,0,1,2,0,1,2,0,7,3,0,1,1,1,1,12,0,3,0,0,3,0,0,0,0,4,4,3,3,0,0,0,0,42,0,2,1,0,2,0,0,5,0,0,1,1,0,0,134,113,95,55,41
"2019-08-31T19:00:00.000-0700",1,0,0,1,0,0,3,2,6,6,4,0,1,1,2,1,3,3,3,3,2,293,83,33,66,67,15,1,1,42,78,22,73,65,7,92,57,156,48,88,6,18,32,24,2,89,2,0,1,0,1,1,0,3,1,6,3,0,1,1,2,0,9,0,2,0,0,4,1,0,0,1,1,4,2,3,0,2,0,0,44,1,1,1,1,2,0,2,11,2,1,1,0,2,0,133,113,117,61,39
"2019-08-31T20:00:00.000-0700",0,0,0,0,0,0,3,3,5,2,3,1,1,1,1,5,8,6,3,3,3,121,45,23,43,32,12,1,1,8,22,9,22,30,7,93,18,50,21,60,16,10,7,12,5,45,3,1,3,1,2,0,1,3,2,11,2,1,2,0,3,2,8,0,1,0,0,2,1,2,2,0,0,1,3,1,5,2,0,0,24,5,1,1,1,1,0,2,4,2,2,1,3,2,0,85,89,67,26,32
"2019-08-31T21:00:00.000-0700",0,0,0,0,0,0,0,4,3,3,3,0,0,1,2,2,5,4,2,3,2,36,31,8,25,23,10,0,1,11,13,9,29,14,3,80,14,25,6,38,6,5,8,8,2,27,0,0,2,0,0,0,0,0,0,3,1,0,2,0,4,0,8,0,1,0,0,2,0,0,0,0,1,2,2,2,1,1,1,0,17,0,0,2,1,2,1,0,4,0,0,0,0,0,1,64,65,58,22,15
"2019-08-31T22:00:00.000-0700",0,0,0,0,0,0,0,0,2,3,3,2,2,0,2,2,4,2,0,0,0,40,32,5,23,22,8,0,0,10,16,9,34,8,4,86,19,40,3,41,4,4,9,11,2,29,2,0,2,0,1,0,0,3,4,4,2,0,2,1,3,0,22,0,0,0,0,2,1,0,0,0,0,2,4,3,2,0,2,0,17,1,1,1,1,2,1,2,9,2,1,0,1,2,1,65,68,74,58,9
"2019-08-31T23:00:00.000-0700",0,0,0,0,0,0,0,0,3,2,2,1,1,1,1,2,3,3,0,1,0,6,30,3,8,22,8,0,0,7,3,13,25,6,1,4,3,5,0,15,4,3,2,3,1,21,0,0,0,0,0,0,0,1,2,1,1,0,2,0,2,0,43,0,0,0,0,0,0,0,0,0,0,4,2,0,0,0,0,0,9,1,1,1,0,1,0,0,27,0,0,0,0,0,1,52,35,78,100,9
